Manufacturer,Name,Price (in Rupees),Compatible networks,Release Date,OS,Chipset,CPU,GPU,Memory (in GB),Storage (in GB),SIM,Battery (in mAh),Charging (in Watts),Display Size (in Inches),Display Type,Refresh Rate,Sound,Rear Camera (in MP),Front Camera (in MP),Connectivity,Water resistance
Asus,Asus ZenFone 9,47990,2G / 3G / 4G LTE / 5G,2022-09-15,Android 12,Snapdragon 8+ Gen 1 (4 nm),Octa-core (1x3.19 GHz Cortex-X2 & 3x2.75 GHz Cortex-A710 & 4x1.80 GHz Cortex-A510),Adreno730,16,256,Dual SIM,4300,30.0,5.9,Super AMOLED,120,Stereo Speakers,50,12,"Wi-Fi 6e, dual-band, Wi-Fi Direct, DLNA, hotspotBluetooth 5.2, A2DP, LE, aptX HD, aptX Adaptive, LDAC",IP68
Xiaomi,Black Shark 5,42090,2G / 3G / 4G LTE / 5G,2022-03-30,Android 12,Black Shark 5:Snapdragon870 5G (7 nm)Black Shark 5 Pro:Snapdragon8 Gen 1 (4 nm)Black Shark 5 RS:Snapdragon888/888+ 5G (5 nm),Black Shark 5:Octa-core (1x3.2 GHz Kryo 585 & 3x2.42 GHz Kryo 585 & 4x1.80 GHz Kryo 585)Black Shark 5 Pro:Octa-core (1x3.00 GHz Cortex-X2 & 3x2.40 GHz Cortex-A710 & 4x1.70 GHz Cortex-A510)Black Shark 5 RS:Octa-core (1x2.84/3.0 GHz Kryo 680 & 3x2.42 GHz Kryo 680 & 4x1.80 GHz Kryo 680),Black Shark 5:Adreno650Black Shark 5 Pro:Adreno730Black Shark 5 RS:Adreno660,12,512,Dual SIM,4650,120.0,6.67,Super AMOLED,144,Stereo Speakers,64,16,"Wi-Fi 6, dual-band, Wi-Fi Direct, hotspotBluetooth 5.2, A2DP, LE, aptX HD, aptX AdaptiveA-GPS, GLONASS, GALILEO, QZSS, BDS",IP68
HTC,HTC Desire 22 Pro,31890,2G / 3G / 4G LTE / 5G,2022-07-01,Android 12,Qualcomm SM6375 Snapdragon 695 5G,Snapdragon 695,Adreno619,8,128,Dual SIM,4250,18.0,6.6,IPS LCD,120,Loudspeaker,64,32,"Wi-Fi 6, dual-band, Wi-Fi Direct 5.1, A2DP, LE GPS, GLONASS, GALILEO, BDS",IP67
Huawei,Huawei Mate 50,56990,2G / 3G / 4G LTE,2022-09-28,HarmonyOS3,Qualcomm SM8425 Snapdragon 8+ Gen 1 4G (4 nm),Octa-core (1x3.19 GHz Cortex-X2 & 3x2.75 GHz Cortex-A710 & 4x2.0 GHz Cortex-A510),Adreno730,12,512,Dual SIM,4460,66.0,6.7,OLED ,120,Stereo Speakers,50,13,"Wi-Fi 6, dual-band, Wi-Fi Direct, hotspotBluetooth	5.2, A2DP, LE",IP68
Apple,iPhone 14,67990,2G / 3G / 4G LTE / 5G,2022-09-16,iOS 17.2,Apple A15,Hexa-core (2x3.23 GHz Avalanche + 4x2.02 GHz Blizzard),Apple-designed 5-core,6,512,eSIM,3279,20.0,6.1,Super Retina XDR OLED,60,Stereo Speakers,12,12,"Wi-Fi 6 dual-band,Bluetooth 5.3(A2DP,LE),Ultra-wideband(UWB)",IP68
Apple,iPhone 14 Plus,72999,2G / 3G / 4G LTE / 5G,2022-09-16,iOS 17.2,Apple A15,Hexa-core (2x3.23 GHz Avalanche + 4x2.02 GHz Blizzard),Apple-designed 5-core,6,512,eSIM,4325,20.0,6.7,Super Retina XDR OLED,60,Stereo Speakers,12,12,"Wi-Fi 6 dual-band,Bluetooth 5.3(A2DP,LE),Ultra-wideband(UWB)",IP68
Apple,iPhone 14 Pro,119990,2G / 3G / 4G LTE / 5G,2022-09-16,iOS 17.2,A16 Bionic,Hexa-core (2x3.46Â GHz Everest + 4x2.02Â GHz Sawtooth),Apple-designed 5-core,6,512,eSIM,4500,20.0,6.1,Super Retina XDR OLED,120,Stereo Speakers,48,12,"Wi-Fi 6, dual-band, hotspotBluetooth 5.3, LE, LEO Satellite provided by Globalstar (Limited to emergencies in some countries only)",IP68
Apple,iPhone 14 Pro Max,127999,2G / 3G / 4G LTE / 5G,2022-09-16,iOS 17.2,A16 Bionic,Hexa-core (2x3.46Â GHz Everest + 4x2.02Â GHz Sawtooth),Apple-designed 5-core,6,512,eSIM,4500,20.0,6.7,Super Retina XDR OLED,120,Stereo Speakers,48,12,"Wi-Fi 6, dual-band, hotspotBluetooth 5.3, LE, LEO Satellite provided by Globalstar (Limited to emergencies in some countries only)",IP68
Apple,iPhone SE (3rd Generation),49900,2G / 3G / 4G LTE,2022-03-18,iOS 17.2,Apple A15 Bionic,"Hexa-core, 3.22Â GHz, 2x Avalanche and 4x Blizzard",Apple-designed quad-core,4,256,eSIM,2018,18.0,4.7,IPS LCD,60,Stereo Speakers,12,7,"Near-field communication (NFC),Lightning connector,Bluetooth 5.0,Wi-Fi 6(802.11ax),Voice over LTE (VoLTE),Wiâ€‘Fi calling,GPS,GNSS, Express Cards with power reserve",IP67
Motorola ,Moto Edge 30,23499,2G / 3G / 4G LTE / 5G,2022-01-24,Android 12,Edge 30:Qualcomm Snapdragon778G+Edge 30 Pro: Qualcomm Snapdragon 8 Gen 1Edge 30 Ultra: Qualcomm Snapdragon 8+ Gen 1Edge 30 Fusion: Qualcomm Snapdragon 888+Edge 30 Neo: Qualcomm Snapdragon 695 5G,"Octa-core,Edge 30: (1x 2.5 GHz Kryo 670 + 3x 2.4 GHz Kryo 670 + 4x 1.8 GHz Kryo 670)Edge 30 Pro: (1x 3.0 GHz Cortex-X2 + 3x 2.5 GHz Cortex-A710 + 4x 1.8 GHz Cortex-A510)Edge 30 Ultra: (1x 3.19 GHz Cortex-X2 + 3x 2.75 GHz Cortex-A710 + 4x 1.8 GHz Cortex-A510)Edge 30 Fusion: (1x 2.99 GHz Cortex-X1 + 3x 2.42 GHz Cortex-A78 + 4x 1.8 GHz Cortex-A55)Edge 30 Neo: (2x 2.2 GHz Kryo 660 Gold + 6x 1.7 GHz Kryo 660 Silver)",Edge 30:Adreno642LEdge 30 Pro/Ultra: Adreno 730Edge 30 Fusion: Adreno 660Edge 30 Neo: Adreno 619,12,512,Dual SIM,4020,120.0,6.5,OLED ,120,Stereo Speakers,50,32,"Wi-Fi802.11a/b/g/n/ac/6e (2.4 & 5 GHz), dual-band, WiFi direct, hotspot,Bluetoothv5.2,A2DP, Low-energy",None
Nothing,Nothing Phone 1,31000,2G / 3G / 4G LTE / 5G,,Android 13,Qualcomm Snapdragon 778G+[2],Octa-core (1x2.5 GHz Cortex-A78 & 3x2.4 GHz Cortex-A78 & 4x1.9 GHz Cortex-A55),Adreno642L,12,256,Dual SIM,4500,33.0,6.55,OLED ,120,Stereo Speakers,48,12,Bluetooth 5.2Wi-Fia/b/g/n/ac/ax,IP53
OnePlus,OnePlus 10 Pro,49999,2G / 3G / 4G LTE / 5G,2022-01-11,Android 12,Qualcomm Snapdragon8 Gen1(4 nm),Octa-core (1x3.00 GHzCortex-X2& 3x2.50 GHzCortex-A710& 4x1.80 GHzCortex-A510),Adreno730,12,512,Dual SIM,5000,80.0,6.7,AMOLED,120,Stereo Speakers,48,32,"Wi-Fi802.11 a/b/g/n/ac/6,dual-band,Wi-Fi Direct, hotspotBluetooth5.2, A2DP, LE, aptX HD",IP68
OnePlus,OnePlus 10T,39999,2G / 3G / 4G LTE / 5G,2022-08-06,Android 12,Qualcomm Snapdragon8+ Gen 1 (4 nm),Octa-core (1x3.19 GHz Cortex-X2 & 3x2.75 GHz Cortex-A710 & 4x1.80 GHz Cortex-A510),Adreno730,16,256,Dual SIM,4800,150.0,6.7,AMOLED,120,Stereo Speakers,50,16,"Wi-Fi 802.11 a/b/g/n/ac/6, dual-band, Wi-Fi DirectBluetooth	5.2, A2DP, LE, aptX HD",None
OnePlus,OnePlus Ace,28990,2G / 3G / 4G LTE / 5G,2022-04-26,Android 13,Ace/Ace Racing:MediaTekDimensity 8100-Max (5 nm)Ace Pro:Qualcomm Snapdragon8+ Gen 1 (4 nm),Ace/Ace Racing:Octa-core (4x2.85 GHz Cortex-A78 & 4x2.0 GHz Cortex-A55)Ace Pro:Octa-core (1x3.19 GHz Cortex-X2 & 3x2.75 GHz Cortex-A710 & 4x1.80 GHz Cortex-A510),Ace/Ace Racing:Mali-G610 MC6Ace Pro:Adreno730,16,512,Dual SIM,4500,150.0,6.7,OLED,120,Stereo Speakers,50,16,"Wi-Fi 802.11 a/b/g/n/ac/6, dual-band, Wi-Fi DirectBluetooth	5.2, A2DP, LE",IP67
Oppo,Oppo Find X5,84490,2G / 3G / 4G LTE / 5G,2022-02-24,Android 12,Find X5:Qualcomm Snapdragon888Find X5 Pro Dimensity Edition:MediaTek Dimensity 9000Find X5 Pro: Qualcomm Snapdragon 8 Gen 1Find X5 Lite:MediaTek MT6877 Dimensity 900 (6 nm),"Octa-core,Find X5: (1x 2.84Â GHzKryo680 & 3x 2.42Â GHz Kryo 680 & 4x 1.8Â GHz Kryo 680)Find X5 Pro: (1x 3.0Â GHz Cortex-X2 & 3x 2.5Â GHz Cortex A710 & 4x 1.8Â GHz Cortex A510)Find X5 Lite:Octa-core (2x2.4 GHz Cortex-A78 & 6x2.0 GHz Cortex-A55)",Find X5:Adreno660Find X5 Pro:Adreno730Find X5 Lite:Mali-G68 MC4,12,512,eSIM,4500,18.0,6.55,AMOLED,120,Stereo Speakers,64,12,"Bluetooth 5.2Wi-Fia/b/g/n/ac/6eA2DP, LE, aptX HD",IP68
Google,Pixel 6a,25999,2G / 3G / 4G LTE / 5G,2022-07-21,Android 13,Google Tensor(5 nm),Octa-core (2x2.80Â GHz Cortex-X1 & 2x2.25Â GHz Cortex-A76 & 4x1.80Â GHz Cortex-A55),Mali-G78 MP20,6,128,eSIM,4410,18.0,6.1,AMOLED,90,Stereo Speakers,12,12,Wi-Fi 6E+ HE160 +MIMOBluetooth 5.2NFCGoogle CastGNSS(GPS/GLONASS/Galileo/QZSS)USB-C 3.1,IP67
Google,Pixel 7,45999,2G / 3G / 4G LTE / 5G,2022-10-13,Android 13,Google Tensor G2,Octa-core (2x2.85 GHz Cortex-X1 & 2x2.35 GHz Cortex-A78 & 4x1.80 GHz Cortex-A55),Mali-G710 MP7,12,512,eSIM,4500,23.0,6.3,AMOLED,120,Stereo Speakers,12,8,Wi-Fi 6E+ HE160 +MIMOBluetooth 5.2NFCGoogle CastDual-bandGNSS(GPS/GLONASS/Galileo/QZSS)USB-C3.2,IP68
Xiaomi,Redmi 10 5g,14990,2G / 3G / 4G LTE / 5G,2022-03-02,Android 13,MediaTekMT6833 Dimensity 700 5G(7nm),Octa-core (2x2.2GHz Cortex-A76 & 6x2GHz Cortex-A55),Mali-G57 MC2,8,128,Dual SIM,5000,18.0,6.58,IPS LCD,60,Loudspeaker,50,5,"USB Type-C2.0Wi-Fi802.11 a/b/g/n/ac,dual-band,Wi-Fi Direct,hotspotBluetooth 5.1, A2DP, LEA-GPS, GLONASS, BDS, GALILEO (exceptPoco M4 5G)",IP53
Xiaomi,Redmi 10 A,7499,2G / 3G / 4G LTE,2022-03-29,Android 11,MediaTekMT6762G Helio G25(12 nm),Octa-core (4x2.0 GHz Cortex-A53 & 4x1.5 GHz Cortex-A53),PowerVR GE8320,8,128,Dual SIM,10000,50.0,6.53,IPS LCD,60,Loudspeaker,13,5,"Wi-Fi 802.11 a/b/g/n, Wi-Fi Direct, hotspotBluetooth	5.0, A2DP, LEGPS, A-GPS, GLONASS, BDS",IP53
Xiaomi,Redmi 10 C,13990,2G / 3G / 4G LTE,2022-03-17,Android 13,Snapdragon680 4G (6nm),Octa-core (4x2.4 GHz Kryo 265 Gold & 4x1.9 GHz Kryo 265 Silver),Adreno610,8,256,Dual SIM,5000,18.0,6.71,IPS LCD,60,Loudspeaker,50,5,"Wi-Fi 802.11 a/b/g/n/ac, dual-band, Wi-Fi Direct, hotspotBluetooth 5.0, A2DP, LEGPSGPS, A-GPS, GLONASS, BDS, GALILEO",IP53
Xiaomi,Redmi 12 C,8280,2G / 3G / 4G LTE,2023-01-01,Android 12,Mediatek Helio G85 (12nm),Octa-core (2x2.0 GHz Cortex-A75 & 6x1.8 GHz Cortex-A55),Mali-G52 MC2,6,128,Dual SIM,5000,10.0,6.71,IPS LCD,60,Loudspeaker,50,5,"Wi-Fi802.11 a/b/g/n/ac,dual-band,Wi-Fi DirectBluetooth5.1, A2DP, LE",None
Xiaomi,Redmi A1,5999,2G / 3G / 4G LTE,2022-09-09,Android 12,MediaTekMT6761 Helio A22 (12nm),Quad-core 2.0 GHz Cortex-A53,PowerVR GE8320,4,32,Dual SIM,5000,10.0,6.52,IPS LCD,60,Stereo Speakers,12,5,"Wi-Fi 802.11 a/b/g/n, hotspotBluetooth 5.0, A2DP, LE",None
Xiaomi,Redmi K50,27990,2G / 3G / 4G LTE / 5G,2022-03-17,Android 13,K50:MediaTek Dimensity 8100 (5 nm)K50G/POCO F4 GT:Snapdragon8 Gen 1 (4 nm)K50 Pro:MediaTek Dimensity 9000 (4 nm)K50i:MediaTek Dimensity 8100 (5 nm),K50:Octa-core (4x2.85 GHz Cortex-A78 & 4x2.0 GHz Cortex-A55)K50G/POCO F4 GT:Octa-core (1x3.00 GHz Cortex-X2 & 3x2.50 GHz Cortex-A710 & 4x1.80 GHz Cortex-A510)K50 Pro:Octa-core (1x3.05 GHz Cortex-X2 & 3x2.85 GHz Cortex-A710 & 4x1.80 GHz Cortex-A510)K50i:Octa-core (4x2.85 GHz Cortex-A78 & 4x2.0 GHz Cortex-A55),K50:Mali-G610K50G/Poco F4 GT:Adreno 730K50 Pro:Mali-G710 MC10K50i:Mali-G610 MC6,12,512,Dual SIM,5500,120.0,6.67,OLED,120,Stereo Speakers,48,20,"Wi-Fi802.11 a/b/g/n/ac/6,dual-band,Wi-Fi Direct,hotspotBluetooth 5.3, A2DP, LEA-GPS. Up to tri-band: GLONASS, BDS, GALILEO, QZSS, NavIC",IP53
Xiaomi,Redmi K60,29790,2G / 3G / 4G LTE / 5G,2023-01-01,Android 13,K60/POCO F5 Pro:Qualcomm Snapdragon8+ Gen 1 (4 nm)K60 Pro:Qualcomm Snapdragon 8 Gen 2 (4 nm)K60E:MediaTekDimensity 8200 (4 nm),K60/POCO F5 Pro:Octa-core (1x3.0 GHz Cortex-X2 & 3x2.5 GHz Cortex-A710 & 4x1.80 GHz Cortex-A510)K60 Pro:Octa-core (1x3.2 GHz Cortex-X3 & 2x2.8 GHz Cortex-A715 & 2x2.8 GHz Cortex-A710 & 3x2.0 GHz Cortex-A510)K60E:Octa-core (1x3.1 GHz Cortex-A78 & 3x3.0 GHz Cortex-A78 & 4x2.0 GHz Cortex-A55),K60/POCO F5 Pro:Adreno730K60 Pro:Adreno740K60E:Mali-G610 MC6,16,512,Dual SIM,5500,120.0,6.67,OLED,120,Stereo Speakers,64,16,"Wi-Fi 802.11 a/b/g/n/ac/6, dual-band, Wi-Fi DirectBluetooth	5.3, A2DP, LE. 
Wi-Fi 7 for K60 Pro",IP53
Xiaomi,Redmi Note 11,13499,2G / 3G / 4G LTE / 5G,2021-10-28,Android 13,11:Qualcomm Snapdragon680 4G (6 nm)11S/Poco M4 Pro/11 Pro:MediatekHelio G96 (12 nm)11 Pro 5G/11E Pro/11 Pro+ (India)/Poco X4 Pro 5G:Qualcomm Snapdragon695 5G (6 nm)11 5G/11S 5G/Poco M4 Pro 5G:MediaTekDimensity 810 (6 nm)11 Pro (China)/11 Pro+/Xiaomi 11i/11i HyperCharge:MediaTek Dimensity 920 5G (6 nm),11:Octa-core (4x2.4 GHz Kryo 265 Gold & 4x1.9 GHz Kryo 265 Silver)11S/Poco M4 Pro/11 Pro:Octa-core (2x2.05 GHz Cortex-A76 & 6x2.0 GHz Cortex-A55)11 5G/11S 5G/Poco M4 Pro 5G:Octa-core (2x2.4 GHz Cortex-A76 & 6x2.0 GHz Cortex-A55)11 Pro 5G/11E Pro/11 Pro+ (India)/Poco X4 Pro 5G:Octa-core (2x2.2 GHz Kryo 660 Gold & 6x1.7 GHz Kryo 660 Silver)11 Pro (China)/11 Pro+/Xiaomi 11i/11i HyperCharge:Octa-core (2x2.5 GHz Cortex-A78 & 6x2.0 GHz Cortex-A55),11:Adreno61011 5G/11S/11S 5G/Pro/Poco M4 Pro/M4 Pro 5G:Mali-G57 MC211 Pro 5G/11E Pro/11 Pro+ (India)/Poco X4 Pro 5G:Adreno61911 Pro (China)/11 Pro+/Xiaomi 11i:Mali-G68 MC4,8,256,Dual SIM,5000,120.0,6.43,AMOLED,90,Loudspeaker,50,13,"Wi-Fi802.11 a/b/g/n/ac,dual-band,Wi-Fi Direct,hotspotBluetooth 5.0, A2DP, LEA-GPS, GLONASS, BDS, GALILEO",IP53
Xiaomi,Redmi Note 12,12499,2G / 3G / 4G LTE / 5G,2022-11-01,Android 13,Note 12:Qualcomm Snapdragon685 (6 nm)Note 12 5G/12R Pro:Qualcomm Snapdragon4 Gen 1 (6 nm)Note 12 Pro 5G/Pro+/Explorer:MediaTek Dimensity 1080 (6 nm)Poco X5:Qualcomm Snapdragon 695 (6 nm)Note 12 Pro Speed/Poco X5 Pro:Qualcomm Snapdragon 778G (6 nm)Note 12 Turbo/Poco F5:Qualcomm Snapdragon 7+ Gen 2 (4 nm)Note 12T Pro:MediaTek Dimensity 8200 Ultra (4 nm),Note 12:Octa-core (4x2.8 GHz Kryo 265 Gold & 4x1.9 GHz Kryo 265 Silver)Note 12 5G/12R Pro:Octa-core (2x2.0 GHz Cortex-A78 & 6x1.8 GHz Cortex-A55)Note 12 Pro 5G/Pro+/Discovery:Octa-core (2x2.6 GHz Cortex-A78 & 6x2.0 GHz Cortex-A55)Poco X5:Octa-core (2x2.2 GHz Kryo 660 Gold & 6x1.7 GHz Kryo 660 Silver)Note 12 Pro Speed/Poco X5 Pro:Octa-core (1x2.4 GHz Cortex-A78 & 3x2.2 GHz Cortex-A78 & 4x1.9 GHz Cortex-A55)Note 12 Turbo/Poco F5:Octa-core (1x2.91 GHz Cortex-X2 & 3x2.49 GHz Cortex-A710 & 4x1.8 GHz Cortex-A510)Note 12T Pro:Octa-core (1x3.1 GHz Cortex-A78 & 3x3.0 GHz Cortex-A78 & 4x2.0 GHz Cortex-A55),Note 12:Adreno610Note 12 5G/12R Pro/Poco X5:Adreno619Note 12 Pro 5G/Pro+/Discovery:Mali-G68 MC4Note 12 Pro Speed/Poco X5 Pro:Adreno642LNote 12 Turbo/Poco F5:Adreno725Note 12T Pro:Mali-G610 MC6,16,512,Dual SIM,5000,210.0,6.67,OLED,120,Stereo Speakers,50,13,"Wi-Fi 802.11 a/b/g/n/ac/6 (except Note 12/5G/12R Pro/Poco X5), dual-band, Wi-Fi Direct, hotspotBluetooth 5.0 (Note 12), 5.1 (Note 12 5G/12R Pro/Poco X5), 5.2, 5.3 (Note 12 Turbo/12T Pro/Poco F5), A2DP, LE",IP53
Asus,ROG Phone 6,71999,2G / 3G / 4G LTE / 5G,2022-07-13,Android 12,Qualcomm Snapdragon8+ Gen 1 (4 nm),Octa-core (1x3.19 GHz Cortex-X2 & 3x2.75 GHz Cortex-A710 & 4x1.80 GHz Cortex-A510),Adreno730,16,512,Dual SIM,6000,65.0,6.7,OLED,165,Stereo Speakers,50,12,"Wi-Fi 802.11 a/b/g/n/ac/6e, tri-band, Wi-Fi Direct, hotspotBluetooth 5.2, A2DP, LE, aptX HD, aptX Adaptive",IPX4
Samsung,Samsung Galaxy A04,11999,2G / 3G / 4G LTE,2022-08-24,Android 12,A04/A04e:MediaTek Helio P35 (12nm)A04s:Exynos 850 (8nm),A04/A04e:Octa-core (4x2.3 GHz Cortex-A53 & 4x1.8 GHz Cortex-A53)A04s:Octa-core (4x2.0 GHz Cortex-A55 & 4x2.0 GHz Cortex-A55),A04:PowerVR GE8320A04s:Mali-G52,8,128,Dual SIM,5000,15.0,6.5,IPS LCD,60,Loudspeaker,50,5,"Wi-Fi 802.11 a/b/g/n/ac, dual-band, Wi-Fi Direct, hotspotBluetooth	5.0, A2DP, LE",None
Samsung,Samsung Galaxy A13,13999,2G / 3G / 4G LTE / 5G,2022-03-04,Android 12,MediaTekMT6833 Dimensity 700 5G,LTE:Octa-core (2.2 GHz & 2.0 GHz)LTE SM-A137F UND A137 Octa-core(MEDIATEK HELIO G80)5G:ARM Cortex-A76 MP2 2.2 GHzARM Cortex-A55 MP6 2 GHz,ARM Mali-G57 MC2 950 MHz,6,128,eSIM,5000,15.0,6.6,IPS LCD,90,Loudspeaker,50,8,"Wi-Fi802.11 a/b/g/n/ac,dual-band,Wi-Fi Direct,hotspotBluetooth 5.0, A2DP, LEA-GPS, GLONASS, GALILEO, BDS",None
Samsung,Samsung Galaxy A23,14499,2G / 3G / 4G LTE,2022-03-04,Android 13,A23:Qualcomm Snapdragon680 4G (6 nm)A23 5G:Qualcomm Snapdragon 695 5G (6 nm),A23:Octa-core (4x2.4 GHz Kryo 265 Gold & 4x1.9 GHz Kryo 265 Silver)A23 5G:Octa-core (2x2.2 GHz Kryo 660 Gold & 6x1.7 GHz Kryo 660 Silver),A23:Adreno610A23 5G:Adreno619,6,128,Dual SIM,5000,25.0,6.6,IPS LCD,90,Loudspeaker,50,12,"Wi-Fi802.11 a/b/g/n/ac,dual-band,Wi-Fi Direct,hotspotBluetooth 5.0, A2DP, LEA-GPS, GLONASS, GALILEO, BDS",None
Samsung,Samsung Galaxy A33 5g,27900,2G / 3G / 4G LTE / 5G,2022-03-17,Android 13,Exynos1280 (5 nm),Octa-core (2x2.4 GHz Cortex-A78 & 6x2.0 GHz Cortex-A55),Mali-G68,8,256,Dual SIM,5000,25.0,6.4,AMOLED,120,Loudspeaker,48,13,"Wi-Fi802.11 a/b/g/n/ac,dual-band,Wi-Fi Direct,hotspotBluetooth 5.1, A2DP, LEA-GPS, GLONASS, GALILEO, BDS",IP67
Samsung,Samsung Galaxy A53 5g,26999,2G / 3G / 4G LTE / 5G,2022-03-17,Android 13,Exynos1280 (5 nm),Octa-core (2x2.4 GHz Cortex-A78 & 6x2.0 GHz Cortex-A55),Mali-G68,8,256,eSIM,5000,25.0,6.5,AMOLED,120,Stereo Speakers,64,32,"Wi-Fi802.11 a/b/g/n/ac,dual-band,Wi-Fi Direct,hotspotBluetooth 5.1, A2DP, LEA-GPS, GLONASS, GALILEO, BDS",IP67
Samsung,Samsung Galaxy A73 5g,37499,2G / 3G / 4G LTE / 5G,2022-03-17,Android 13,Snapdragon778G 5G (6 nm),Octa-core (4x2.4 GHz Kryo 670 & 4x1.8 GHz Kryo 670),Adreno642L,8,256,Dual SIM,5000,25.0,6.7,AMOLED,120,Loudspeaker,108,32,"Wi-Fi802.11 a/b/g/n/ac/6,dual-band,Wi-Fi Direct,hotspotBluetooth 5.0,A2DP,LEA-GPS,GLONASS,GALILEO,BDS",IP67
Samsung,Samsung Galaxy F13,9499,2G / 3G / 4G LTE / 5G,2022-06-22,Android 12,Exynos 850 (8nm),Octa-core (4x2.0 GHz Cortex-A55 & 4x2.0 GHz Cortex-A55),Mali-G52,4,128,Dual SIM,6000,15.0,6.6,IPS LCD,90,Loudspeaker,50,8,"Wi-Fi 802.11 a/b/g/n/ac, dual-band, hotspotBluetooth	5.0, A2DP, LE",IP67
Samsung,Samsung Galaxy F23 5g,15999,2G / 3G / 4G LTE / 5G,2022-03-08,Android 13,Qualcomm Snapdragon 750G 5G (8 nm),Octa-core (2x2.2 GHz Kryo 570 & 6x1.8 GHz Kryo 570),Adreno 619,6,128,Dual SIM,5000,25.0,6.6,IPS LCD,90,Loudspeaker,50,8,"Wi-Fi 802.11 a/b/g/n/ac, dual-band, Wi-Fi Direct, hotspotBluetooth 5.0, A2DP, LE",IP67
Samsung,Samsung Galaxy M04,6999,2G / 3G / 4G LTE / 5G,2022-12-16,Android 12,Mediatek MT6765 Helio P35 (12nm),Octa-core (4x2.35 GHz Cortex-A53 & 4x1.8 GHz Cortex-A53),PowerVR GE8320,4,128,Nano-SIM,5000,15.0,6.5,IPS LCD,90,Loudspeaker,13,5,"Wi-Fi 802.11 b/g/nBluetooth	5.0, A2DP, LE",None
Samsung,Samsung Galaxy M13,10999,2G / 3G / 4G LTE / 5G,2022-07-23,Android 12,M13:Samsung Exynos850 (8nm)M13 5G:MediaTek MT6833 Dimensity 700 (7 nm),M13:Octa-core (4x2.0 GHz Cortex-A55 & 4x2.0 GHz Cortex-A55)M13 5G:Octa-core (2x2.2 GHz Cortex-A76 & 6x2.0 GHz Cortex-A55),M13:Mali-G52M13 5G:Mali-G57,4,128,Dual SIM,6000,15.0,6.6,IPS LCD,90,Loudspeaker,50,8,"Wi-Fi 802.11 a/b/g/n/ac, dual-band, hotspotBluetooth 5.0, A2DP, LEA-GPS, GLONASS, GALILEO, BDS",None
Samsung,Samsung Galaxy M23 5g,14999,2G / 3G / 4G LTE / 5G,2022-04-08,Android 12,Qualcomm Snapdragon SM7225 (750G),Octa-core (2.2 GHz & 1.8 GHz),Adreno 619,6,128,Dual SIM,5000,25.0,6.6,IPS LCD,90,Loudspeaker,50,8,"A-GPS, BEIDOU, BDS, GLONASS, GALILEO, NFC, QZSS",None
Samsung,Samsung Galaxy M33 5g,15499,2G / 3G / 4G LTE / 5G,2022-04-08,Android 12,Exynos 1280 (5 nm),Octa-core (2x2.4 GHz Cortex-A78 & 6x2.0 GHz Cortex-A55),Mali-G68,8,128,Dual SIM,5000,25.0,6.6,IPS LCD,120,Loudspeaker,50,12,"Wi-Fi 802.11 a/b/g/n/ac, dual-band, Wi-Fi Direct, hotspotBluetooth 5.1, A2DP, LE",None
Samsung,Samsung Galaxy M53 5g,26499,2G / 3G / 4G LTE / 5G,2022-04-07,Android 12,MediaTek MT6877 Dimensity 900 5G (6 nm),Octa-core (2x2.4 GHz Cortex-A78 & 6x2.0 GHz Cortex-A55),Mali-G68 MC4,8,256,Dual SIM,5000,25.0,6.7,AMOLED,120,Loudspeaker,108,32,"Wi-Fi802.11 a/b/g/n/ac,dual-band,Wi-Fi Direct,hotspotBluetooth 5.2, A2DP, LEA-GPS, GLONASS, GALILEO, BDS",None
Samsung,Samsung Galaxy S22,57999,2G / 3G / 4G LTE / 5G,2022-02-25,Android 13,Europe:Samsung Exynos 2200Global:Qualcomm Snapdragon 8 Gen 1,"Exynos: Octa-core, (1Ã—2.80Â GHzCortex-X2& 3Ã—2.50Â GHzCortex-A710& 4Ã—1.80Â GHzCortex-A510)Snapdragon: Octa-core, (1Ã—3.00Â GHz Cortex-X2 & 3Ã—2.40Â GHz Cortex-A710 & 4Ã—1.70Â GHz Cortex-A510)",Exynos: Xclipse 920 (based onAMD RDNA 2)Snapdragon:Adreno730,16,512,Dual SIM,3700,45.0,6.1,Super AMOLED,120,Stereo Speakers,50,10,"USB-C3.2Wi-Fi 802.11 a/b/g/n/ac/6(e), dual-band (S22)/tri-band (S22+/S22 Ultra), Wi-Fi Direct, hotspotBluetooth 5.2, A2DP, LE",IP68
Samsung,Samsung Galaxy Xcover 6 Pro,51990,2G / 3G / 4G LTE / 5G,2022-07-13,Android 13,Qualcomm Snapdragon778G 5G (6 nm),Octa-core (1x2.4 GHz Cortex-A78 & 3x2.2 GHz Cortex-A78 & 4x1.9 GHz Cortex-A55),Adreno642L,6,128,Dual SIM,4050,15.0,6.6,Super AMOLED,120,Stereo Speakers,50,13,"Wi-Fi 802.11 a/b/g/n/ac/mc/6e, tri-band, Wi-Fi DirectBluetooth 5.2, A2DP, LE",IP68
Samsung,Samsung Galaxy Z Flip 4,89999,2G / 3G / 4G LTE / 5G,2022-08-26,Android 13,Qualcomm Snapdragon8+ Gen 1 (4 nm),Octa-core (1x3.19 GHz Cortex-X2 & 3x2.75 GHz Cortex-A710 & 4x1.80 GHz Cortex-A510),Adreno730,8,512,eSIM,3700,25.0,6.7,AMOLED,120,Stereo Speakers,12,10,"Wi-Fi 802.11 a/b/g/n/ac/6, dual-band, Wi-Fi Direct, hotspotBluetooth 5.1, A2DP, LE",IPX8
Samsung,Samsung Galaxy Z Fold,154999,2G / 3G / 4G LTE / 5G,2022-08-25,Android 13,Qualcomm Snapdragon8+ Gen1 (4 nm),Octa-core (1x 3.19 GHz Cortex-X2 & 3x 2.75 GHz Cortex-A710 & 4x 1.80 GHz Cortex-A510),Adreno730,12,512,eSIM,4400,25.0,7.6,AMOLED,120,Stereo Speakers,50,16,"Wi-Fi 802.12 7, dual-band, Wi-Fi Direct, hotspotBluetooth 5.3, A2DP, LE, aptX HDA-GPS, GLONASS, GALILEO, BDS",IPX8
Sony,Sony Xperia 1 IV,84999,2G / 3G / 4G LTE / 5G,2022-06-01,Android 12,Qualcomm Snapdragon8 Gen 1 (SM8450),"Octa-core,4Â nm (4LPE)1x 3.00 GHzKryo Prime(ARM Cortex-X2-based)3x 2.40 GHzKryo Gold(ARM Cortex-A710-based)4x 1.7 GHzKryo Silver(ARM Cortex-A510-based)",Adreno730,12,512,eSIM,4500,25.0,6.5,OLED,120,Stereo Speakers,12,12,"Wi-Fi802.11 a/b/g/n/ac/ax (2.4/5GHz)Bluetooth 5.2USB-CNFCGPSwithAssisted GPSGalileoGLONASSBeiDouMobile FeliCa/Osaifu-Keitai(XQ-CT44, SO-51C, SOG06 and A201SO models only)",IPX8
Sony,Sony Xperia 5 IV,79490,2G / 3G / 4G LTE / 5G,2022-09-22,Android 13,Qualcomm Snapdragon8 Gen 1 (SM8450),"Octa-core,4Â nm (4LPE)1x 3.00 GHzKryo Prime(ARM Cortex-X2-based)3x 2.40 GHzKryo Gold(ARM Cortex-A710-based)4x 1.7 GHzKryo Silver(ARM Cortex-A510-based)",Adreno730,8,256,eSIM,4500,30.0,6.1,OLED,120,Stereo Speakers,12,12,"Wi-Fi802.11 a/b/g/n/ac/ax (2.4/5GHz)Bluetooth 5.2USB-CNFCGPSwithAssisted GPSGalileoGLONASSBeiDouMobile FeliCa/Osaifu-Keitai(XQ-CQ44, SO-54C, SOG09 and A204SO models only)",IP68
Sony,Sony Xperia 10 IV,32999,2G / 3G / 4G LTE / 5G,2022-06-30,Android 12,Qualcomm Snapdragon695,Octa-core (2â€‰Ã—â€‰2.2GHzKryo660 Gold +6â€‰Ã—â€‰1.7GHzKryo660 Silver),Adreno619,6,128,eSIM,4500,30.0,,OLED,120,Loudspeaker,12,12,"Wi-Fi802.11 a/b/g/n/ac (2.4/5GHz)Bluetooth 5.1USB-CNFCGPSwithAssisted GPSGLONASSMobile FeliCa/Osaifu-Keitai(XQ-CC44, SO-52C, SOG07 and A202SO models only)",IP68
Tecno,Techno Camon 19,13649,2G / 3G / 4G LTE,2022-06-28,Android 12,Camon 19:MediaTek HelioG85Camon 19 Pro:MediaTek HelioG96Camon 19 Pro 5G:MediaTek Dimensity810,"Octa-core (2x2.0 GHzCortex-A75& 6x1.8 GHzCortex-A55, Octa-core (2x2.05 GHzCortex-A76& 6x2.0 GHz Cortex-A55, Octa-core (2x2.4 GHz Cortex-A76 & 6x2.0 GHz Cortex-A55","Mali-G52 MC2, Mali-G57 MC2",16,256,Dual SIM,4500,33.0,6.8,IPS LCD,60,Loudspeaker,64,16,Bluetooth 5.0Wi-Fi 802.11b/g/n3G/LTE/5G,IP55
Tecno,Techno Phantom X2,36990,2G / 3G / 4G LTE / 5G,2023-01-20,Android 12,MediaTek Dimensity 9000,"Octa-core, (1Ã—3.05Â GHzCortex-X2& 3Ã—2.85Â GHzCortex-A710& 4Ã—1.80Â GHzCortex-A510)",Mali-G710 MC10,12,256,Dual SIM,4500,45.0,6.8,AMOLED,120,Loudspeaker,64,32,"Bluetooth 5.3Wi-Fi 802.11a/b/g/n/ac, dual-band",IP55
Tecno,Techno Spark 9,6999,2G / 3G / 4G LTE / 5G,2022-06-06,Android 12,Spark 9T:MediaTek HelioG37Spark 9 Pro:MediaTek HelioG85,"Octa-core (2x2.0 GHzCortex-A75& 6x1.8 GHzCortex-A55), Octa-core (4x2.3 GHzCortex-A53& 4x1.8 GHz Cortex-A53)","PowerVR GE8320,Mali-G52 MC2",8,128,Dual SIM,4500,18.0,6.6,IPS LCD,60,Stereo Speakers,13,32,Bluetooth 5.0Wi-Fi 802.11b/g/n3G/LTE,IP55
Vivo,Vivo T1 (2022),14499,2G / 3G / 4G LTE / 5G,2021-10-20,Android 11,T1(China):QualcommSnapdragon778GT1x:MediatekDimensity 900T1(India):QualcommSnapdragon695,Octa-coreT1(China):Octa-core (4x2.4 GHz Kryo 670 & 4x1.8 GHz Kryo 670)T1x:Octa-core (2x2.4 GHz Cortex-A78 & 6x2.0 GHz Cortex-A55)T1(India):Octa-core (2x2.2 GHz Kryo 660 Gold & 6x1.7 GHz Kryo 660 Silver),T1(China):Adreno642LT1x:Mali-G68 MC4T1(India):Adreno 619,12,256,Dual SIM,5000,33.0,6.67,IPS LCD,120,Stereo Speakers,48,12,"T1:Bluetooth 5.2,Wi-Fia/b/g/n/ac, A2DP, LE, aptX HD, aptX AdaptiveT1x:Bluetooth 5.2,Wi-Fia/b/g/n/ac, A2DP, LE, aptX HDT1 5G:Bluetooth 5.1,Wi-Fia/b/g/n/ac, A2DP, LE",None
Vivo,Vivo X Fold,106990,2G / 3G / 4G LTE / 5G,2022-04-11,Android 12,X Fold:Qualcomm Snapdragon8 Gen 1 (4 nm)X Fold+:Qualcomm Snapdragon 8+ Gen 1 (4 nm),X Fold:Octa-core (1x3.00 GHz Cortex-X2 & 3x2.50 GHz Cortex-A710 & 4x1.80 GHz Cortex-A510)X Fold+:Octa-core (1x3.19 GHz Cortex-X2 & 3x2.75 GHz Cortex-A710 & 4x1.80 GHz Cortex-A510),Adreno 730,12,512,Dual SIM,4600,80.0,8.03,AMOLED,120,Stereo Speakers,50,16,"Wi-Fi802.11 a/b/g/n/ac/6, dual-band, Wi-Fi Direct, hotspotBluetooth5.2, A2DP, LE, aptX HDA-GPS, GLONASS, BDS, GALILEO, QZSS, NavIC",IP68
Vivo,Vivo X Note,71490,2G / 3G / 4G LTE / 5G,2022-04-11,Android 12,Qualcomm Snapdragon 8 Gen 1 (4 nm),Octa-core (1x3.00 GHz Cortex-X2 & 3x2.50 GHz Cortex-A710 & 4x1.80 GHz Cortex-A510),Adreno730,12,512,Dual SIM,5000,80.0,7.0,AMOLED,120,Stereo Speakers,50,16,"Wi-Fi 802.11 a/b/g/n/ac/6, dual-band, Wi-Fi Direct, hotspotBluetooth 5.2, A2DP, LE, aptX HD",IP68
Vivo,Vivo X80,54999,2G / 3G / 4G LTE / 5G,2022-04-25,Android 12,X80:MediatekDimensity 9000X80 Pro:Qualcomm Snapdragon 8 Gen 1 orMediatekDimensity 9000,"Octa-core,X80:(1x 2.8Â GHzCortex-A78+ 3x 2.6Â GHz Cortex-A78 + 4x 2.0Â GHzCortex-A55)X80 Pro:(1x 3.0Â GHz + 3x 2.42Â GHz + 4x 1.7Â GHz Cortex-A510) or (1x 2.8Â GHzCortex-A78+ 3x 2.6Â GHz Cortex-A78 + 4x 2.0Â GHzCortex-A55)",X80:Mali-G78 MP10X80 Pro:Adreno 730 orMali-G78 MP10,12,512,Dual SIM,4500,80.0,6.78,AMOLED,120,Loudspeaker,48,12,"Bluetooth 5.1/5.2Wi-Fia/b/g/n/ac/6A2DP, LE, aptX HD",IP68
Vivo,Vivo X90,59999,2G / 3G / 4G LTE / 5G,2023-05-05,Android 13,X90/X90 Pro:Mediatek Dimensity 9200X90 Pro+:Qualcomm Snapdragon 8 Gen 2 (4 nm),X90/X90 Pro:Octa-core (1x3.05 GHz Cortex-X2 & 3x2.85 GHz Cortex-A710 & 4x1.80 GHz Cortex-A660)X90 Pro+:Octa-core (1x3.2 GHz Cortex-X3 & 2x2.8 GHz Cortex-A715 & 2x2.8 GHz Cortex-A710 & 3x2.0 GHz Cortex-A510),X90/X90 Pro:Arm Mali-G715-ImmortalisX90 Pro+:Adreno740,12,512,Dual SIM,4810,120.0,6.78,AMOLED,120,Stereo Speakers,50,32,"Wi-Fi 802.11 a/b/g/n/ac/6, dual-band, Wi-Fi DirectBluetooth	5.3, A2DP, LE, aptX HD",IP68
Xiaomi,Xiaomi 13,47499,2G / 3G / 4G LTE / 5G,2022-12-11,Android 13,13/13 Pro:Qualcomm Snapdragon8 Gen 2 (4 nm)13 Lite:Qualcomm Snapdragon7 Gen 1 (4 nm),13/13 Pro:Octa-core (1x3.2 GHz Cortex-X3 & 2x2.8 GHz Cortex-A715 & 2x2.8 GHz Cortex-A710 & 3x2.0 GHz Cortex-A510)13 Lite:Octa-core (1x2.4 GHz Cortex-A710 & 3x2.36 GHz Cortex-A710 & 4x1.8 GHz Cortex-A510),13/13 Pro:Adreno74013 Lite:Adreno644,12,512,Dual SIM,4500,120.0,6.36,AMOLED,120,Stereo Speakers,50,32,"Wi-Fi 802.11 a/b/g/n/ac/6 or 6e (market dependent), dual-band, Wi-Fi DirectBluetooth 5.2, A2DP, LE",IP68
Xiaomi,Xiaomi MIX Fold 2,106990,2G / 3G / 4G LTE / 5G,2022-08-11,Android 12,Qualcomm Snapdragon8+ Gen 1 (4 nm),Octa-core (1x3.19 GHz Cortex-X2 & 3x2.75 GHz Cortex-A710 & 4x1.80 GHz Cortex-A510),Adreno730,12,512,Dual SIM,4500,67.0,8.02,AMOLED,120,Stereo Speakers,50,20,"Wi-Fi 802.11 a/b/g/n/ac/6e, dual-band, Wi-Fi Direct, hotspotBluetooth 5.2, A2DP, LE",IP68
Fairphone,Fairphone 5,63090,2G / 3G / 4G LTE / 5G,2023-08-30,Android 13,QualcommQCM6490,Kryo 670,Adreno643,8,256,eSIM,4200,30.0,6.46,OLED,90,Stereo Speakers,50,50,Wi-Fi 6EBluetooth 5.2NFCDual bandGNSS(GPS/GLONASS/BeiDou/Galileo)USB-C3.0,IP55
Nothing,Nothing Phone 2,44999,2G / 3G / 4G LTE / 5G,2023-07-11,Android 13,Qualcomm Snapdragon8+ Gen1,Octa-core (1x3.0 GHz Cortex-X2 & 3x2.5 GHz Cortex-A710 & 4x1.80 GHz Cortex-A510),Adreno730,12,512,Dual SIM,4700,45.0,6.7,OLED,120,Stereo Speakers,50,32,"Wi-Fi802.11 a/b/g/n/ac/6,dual-band,Wi-Fi DirectBluetooth5.3, A2DP, LE",IP54
Google,Pixel 7a,43999,2G / 3G / 4G LTE / 5G,2023-05-10,Android 13,Google Tensor G2,Octa-core (2x2.85 GHz Cortex-X1 & 2x2.35 GHz Cortex-A78 & 4x1.80 GHz Cortex-A55),Mali-G710 MP7,8,128,eSIM,4385,18.0,6.1,OLED,90,Stereo Speakers,64,13,Wi-Fi 6E+ HE80 +MIMOBluetooth 5.3NFCGoogle CastGNSS(GPS/GLONASS/Galileo/QZSS)USB-C 3.2,IP67
Google,Pixel Fold,147490,2G / 3G / 4G LTE / 5G,2023-06-28,Android 13,Google Tensor G2,Octa-core (2x2.85 GHz Cortex-X1 & 2x2.35 GHz Cortex-A78 & 4x1.80 GHz Cortex-A55),Mali-G710 MP7,12,512,eSIM,4500,30.0,7.6,OLED,120,Stereo Speakers,48,5,Wi-Fi 6E+ HE160 +MIMOBluetooth 5.2NFCGoogle CastDual-bandGNSS(GPS/GLONASS/Galileo/QZSS)USB-C3.2,IPX8
Xiaomi,Redmi 12,9999,2G / 3G / 4G LTE / 5G,2023-06-15,Android 13,12:MediatekHelio G88 (12nm)12 5G/Note 12R/POCO M6 Pro:QualcommSnapdragon4 Gen 2 (4nm),12:Octa-core (2x2.0 GHz Cortex-A75 & 6x1.8 GHz Cortex-A55)12 5G/Note 12R/POCO M6 Pro:Octa-core (2x2.2 GHz Cortex-A78 & 6x2.0 GHz Cortex-A55),12:Mali-G52 MC212 5G/Note 12R/POCO M6 Pro:Adreno613,12,256,Dual SIM,5000,18.0,6.79,IPS LCD,90,Loudspeaker,50,8,"Wi-Fi 802.11 a/b/g/n/ac, dual-bandBluetooth 5.3, A2DP, LE",IP53
Xiaomi,Redmi Note 12,12999,2G / 3G / 4G LTE / 5G,2022-11-01,Android 13,Note 12:Qualcomm Snapdragon685 (6 nm)Note 12 5G/12R Pro:Qualcomm Snapdragon4 Gen 1 (6 nm)Note 12 Pro 5G/Pro+/Explorer:MediaTek Dimensity 1080 (6 nm)Poco X5:Qualcomm Snapdragon 695 (6 nm)Note 12 Pro Speed/Poco X5 Pro:Qualcomm Snapdragon 778G (6 nm)Note 12 Turbo/Poco F5:Qualcomm Snapdragon 7+ Gen 2 (4 nm)Note 12T Pro:MediaTek Dimensity 8200 Ultra (4 nm),Note 12:Octa-core (4x2.8 GHz Kryo 265 Gold & 4x1.9 GHz Kryo 265 Silver)Note 12 5G/12R Pro:Octa-core (2x2.0 GHz Cortex-A78 & 6x1.8 GHz Cortex-A55)Note 12 Pro 5G/Pro+/Discovery:Octa-core (2x2.6 GHz Cortex-A78 & 6x2.0 GHz Cortex-A55)Poco X5:Octa-core (2x2.2 GHz Kryo 660 Gold & 6x1.7 GHz Kryo 660 Silver)Note 12 Pro Speed/Poco X5 Pro:Octa-core (1x2.4 GHz Cortex-A78 & 3x2.2 GHz Cortex-A78 & 4x1.9 GHz Cortex-A55)Note 12 Turbo/Poco F5:Octa-core (1x2.91 GHz Cortex-X2 & 3x2.49 GHz Cortex-A710 & 4x1.8 GHz Cortex-A510)Note 12T Pro:Octa-core (1x3.1 GHz Cortex-A78 & 3x3.0 GHz Cortex-A78 & 4x2.0 GHz Cortex-A55),Note 12:Adreno610Note 12 5G/12R Pro/Poco X5:Adreno619Note 12 Pro 5G/Pro+/Discovery:Mali-G68 MC4Note 12 Pro Speed/Poco X5 Pro:Adreno642LNote 12 Turbo/Poco F5:Adreno725Note 12T Pro:Mali-G610 MC6,16,512,Dual SIM,5000,210.0,6.67,OLED,120,Stereo Speakers,50,13,"Wi-Fi 802.11 a/b/g/n/ac/6 (except Note 12/5G/12R Pro/Poco X5), dual-band, Wi-Fi Direct, hotspotBluetooth 5.0 (Note 12), 5.1 (Note 12 5G/12R Pro/Poco X5), 5.2, 5.3 (Note 12 Turbo/12T Pro/Poco F5), A2DP, LE",IP53
Asus,ROG Phone 7,74999,2G / 3G / 4G LTE / 5G,2023-04-13,Android 13,Qualcomm Snapdragon8 Gen 2 (4 nm),Octa-core (1x3.2 GHz Cortex-X3 & 2x2.8 GHz Cortex-A715 & 2x2.8 GHz Cortex-A710 & 3x2.0 GHz Cortex-A510),Adreno740,16,512,Dual SIM,6000,65.0,6.78,AMOLED,165,Stereo Speakers,50,32,"Wi-Fi 802.11 a/b/g/n/ac/6e/7, tri-band, Wi-Fi DirectBluetooth	5.2, A2DP, LE, aptX HD, aptX Adaptive",IP54
Samsung,Samsung Galaxy A14,15999,2G / 3G / 4G LTE / 5G,2023-01-12,Android 13,A14:MediatekMT6769 Helio G80 (12 nm) (Europe & Middle East) orExynos850 (8 nm) (America & Asia)A14 5G:MediatekMT6833 Dimensity 700 (7 nm),A14:Octa-core (2x2.0 GHz Cortex-A75 & 6x1.8 GHz Cortex-A55)A14 5G:(2x2.2 GHz Cortex-A76 & 6x2.0 GHz Cortex-A55),A14:Mali-G52 MC2A14 5G:Mali-G57 MC2,6,128,eSIM,5000,15.0,6.6,IPS LCD,90,Loudspeaker,50,13,"Wi-Fi 802.11 a/b/g/n/ac, dual-band, Wi-Fi DirectBluetooth 5.0, A2DP, LE",None
Samsung,Samsung Galaxy A24,18090,2G / 3G / 4G LTE,2023-05-23,Android 13,MediatekMT8781 Helio G99 (6nm),Octa-core (2x2.2 GHz Cortex-A76 & 6x2.0 GHz Cortex-A55),Mali-G57 MC2,6,256,Dual SIM,5000,25.0,6.5,AMOLED,90,Loudspeaker,50,12,"Wi-Fi802.11 a/b/g/n/ac,dual-band,Wi-Fi Direct,hotspotBluetooth 5.2, A2DP, LEA-GPS, GLONASS, GALILEO, BDS",None
Samsung,Samsung Galaxy A34 5g,28999,2G / 3G / 4G LTE / 5G,2023-03-24,Android 13,MediaTekDimensity1080 (6 nm),Octa-core (2x2.6 GHz Cortex-A78 & 6x2.0 GHz Cortex-A55),Mali-G68 MC4,8,256,Dual SIM,5000,25.0,6.6,AMOLED,120,Loudspeaker,48,13,"Wi-Fi802.11 a/b/g/n/ac,dual-band,Wi-Fi Direct,hotspotBluetooth 5.3, A2DP, LEA-GPS, GLONASS, GALILEO, BDS, QZSS",IP67
Samsung,Samsung Galaxy A54 5g,35000,2G / 3G / 4G LTE / 5G,2023-03-24,Android 13,Exynos1380 (5 nm),Octa-core (4x2.4 GHz Cortex-A78 & 4x2.0 GHz Cortex-A55),Mali-G68 MP5,8,256,eSIM,5000,25.0,6.4,AMOLED,120,Stereo Speakers,50,32,"Wi-Fi 6802.11 a/b/g/n/ac/ax 2.4G-5GHz,dual-band,Wi-Fi Direct,hotspotBluetooth 5.1, A2DP, LEA-GPS, GLONASS, GALILEO, BDS",IP67
Samsung,Samsung Galaxy F04,6999,2G / 3G / 4G LTE,2023-01-12,Android 13,Mediatek MT6765 Helio P35 (12nm),Octa-core (4x2.35 GHz Cortex-A53 & 4x1.8 GHz Cortex-A53),PowerVR GE8320,4,64,Dual SIM,5000,15.0,6.5,IPS LCD,60,Loudspeaker,13,5,"Wi-Fi 802.11 b/g/n, Wi-Fi DirectBluetooth 5.0, A2DP, LE",None
Samsung,Samsung Galaxy M14 5g,13380,2G / 3G / 4G LTE / 5G,2023-03-23,Android 13,Exynos1330 (5nm),Octa-core (2x2.4 GHz Cortex-A78 & 6x2.0 GHz Cortex-A55),Mali-G68 MP2,6,128,Dual SIM,6000,25.0,6.6,IPS LCD,90,Loudspeaker,50,13,"Wi-Fi 802.11 a/b/g/n/ac, dual-band, Wi-Fi DirectBluetooth	5.2, A2DP, LE",None
Samsung,Samsung Galaxy M54 5g,37999,2G / 3G / 4G LTE / 5G,2023-03-22,Android 13,Exynos1380 (5 nm),Octa-core (4x2.4 GHz Cortex-A78 & 4x2.0 GHz Cortex-A55),Mali-G68 MP5,8,256,Dual SIM,6000,25.0,6.7,AMOLED,90,Loudspeaker,108,32,"Wi-Fi802.11 a/b/g/n/ac,dual-band,Wi-Fi Direct,hotspotBluetooth 5.2, A2DP, LEA-GPS, GLONASS, GALILEO, BDS",None
Samsung,Samsung Galaxy S23,74999,2G / 3G / 4G LTE / 5G,2023-02-01,Android 13,Qualcomm Snapdragon8 Gen 2 for Galaxy (4 nm),Octa-Core (1x3.36Â GHz Cortex-X3 & 2x2.8Â GHz Cortex-A715 & 2x2.8Â GHz Cortex-A710 & 3x2.0Â GHz Cortex-A510),Adreno740 @ 719 Mhz,12,1000,eSIM,3900,45.0,6.1,Super AMOLED,120,Stereo Speakers,50,12,"Wi-Fi 802.11 a/b/g/n/ac/ax/be/7, dual-band,Wi-Fi Direct,hotspotBluetooth 5.3, A2DP, LE",IP68
Samsung,Samsung Galaxy Z Flip 5,99999,2G / 3G / 4G LTE / 5G,2023-02-01,Android 13,Qualcomm Snapdragon8 Gen 2 for Galaxy (4 nm),Octa-core (1x3.36 GHz Cortex-X3 & 2x2.8 GHz Cortex-A715 & 2x2.8 GHz Cortex-A710 & 3x2.0 GHz Cortex-A510),Adreno740,8,512,eSIM,7000,25.0,6.7,AMOLED,120,Stereo Speakers,12,10,"Wi-Fi802.11 a/b/g/n/ac/6,tri-band,Wi-Fi DirectBluetooth5.3, A2DP, LE",IPX8
Samsung,Samsung Galaxy Z Fold 5,154999,2G / 3G / 4G LTE / 5G,2023-02-01,Android 13,Qualcomm Snapdragon8 Gen 2 for Galaxy (4 nm),Octa-core (1x3.36 GHz Cortex-X3 & 2x2.8 GHz Cortex-A715 & 2x2.8 GHz Cortex-A710 & 3x2.0 GHz Cortex-A510),Adreno740,12,512,eSIM,4400,25.0,7.6,AMOLED,120,Stereo Speakers,50,4,"Wi-Fi 802.11 a/b/g/n/ac/6e/7, tri-band, Wi-Fi DirectBluetooth	5.3, A2DP, LE, aptX HD",IPX8
Sony,Sony Xperia 1 V,114790,2G / 3G / 4G LTE / 5G,2023-05-11,Android 13,Qualcomm Snapdragon8 Gen 2 (SM8550-AB),"Octa-core,4Â nm (4LPE)1x 3.20Â GHzKryo Prime(ARM Cortex-X3-based)4x 2.80Â GHzKryo Gold(2Ã—ARM Cortex-A715, 2Ã—ARM Cortex-A710-based)3x 2.0Â GHzKryo Silver(ARM Cortex-A510-based)",Adreno740,16,512,eSIM,4500,25.0,6.5,OLED,120,Stereo Speakers,52,12,"Wi-Fi802.11 a/b/g/n/ac/ax (2.4/5GHz)Bluetooth 5.3USB-CNFCGPSwithAssisted GPSGalileoGLONASSBeiDouMobile FeliCa/Osaifu-Keitai(XQ-DQ44, SO-51D, SOG10 and A301SO models only)",IPX8
Tecno,Tecno Camon 20,14999,2G / 3G / 4G LTE / 5G,2023-05-09,Android 13,Camon 20:MediaTek Helio G85Camon 20 Pro:MediaTek Helio G99Camon 20 Pro 5G and Camon 20 Premier 5G:MediaTek Dimensity 8050,"Camon 20: Octa-core, (2Ã—2.0Â GHzCortex-A75& 6Ã—1.8Â GHzCortex-A55)Camon 20 Pro: Octa-core, (2Ã—2.2Â GHzCortex-A76& 6Ã—2.0Â GHzCortex-A55)Camon 20 Pro 5G and Camon 20 Premier 5G: Octa-core, (1Ã—3.0Â GHzCortex-A78& 3Ã—2.6Â GHzCortex-A78& 4Ã—2.0Â GHzCortex-A55)","Mali-G52 MC2,Mali-G57 MC2,Mali-G77 MC9",8,512,eSIM,4500,45.0,6.67,AMOLED,120,Loudspeaker,64,32,"USB-C2.0Wi-Fi 802.11a/b/g/n/ac, dual-bandBluetooth 5.2, A2DP, LE",IP53
Tecno,Tecno Spark 10,9999,2G / 3G / 4G LTE / 5G,2023-03-13,Android 13,Spark 10C:UNISOC T606Spark 10:MediaTek Helio G85Spark 10 Pro:MediaTek Helio G88Spark 10 5G:MediaTek Dimensity 6020,"Spark 10C: Octa-core, (2Ã—1.6Â GHzCortex-A75& 6Ã—1.6Â GHzCortex-A55)Spark 10 and Spark 10 Pro: Octa-core, (2Ã—2.0Â GHzCortex-A75& 6Ã—1.8Â GHzCortex-A55)Spark 10 5G: Octa-core, (2Ã—2.2Â GHzCortex-A76& 6Ã—2.0Â GHzCortex-A55)","Mali-G57 MC1,Mali-G52 MC2,Mali-G57 MC2",8,256,eSIM,4500,18.0,6.6,IPS LCD,90,Loudspeaker,16,12,Bluetooth 5.0Wi-Fi 802.11b/g/n,IP53
Xiaomi,Xiaomi 13,47000,2G / 3G / 4G LTE / 5G,2022-12-11,Android 13,13/13 Pro:Qualcomm Snapdragon8 Gen 2 (4 nm)13 Lite:Qualcomm Snapdragon7 Gen 1 (4 nm),13/13 Pro:Octa-core (1x3.2 GHz Cortex-X3 & 2x2.8 GHz Cortex-A715 & 2x2.8 GHz Cortex-A710 & 3x2.0 GHz Cortex-A510)13 Lite:Octa-core (1x2.4 GHz Cortex-A710 & 3x2.36 GHz Cortex-A710 & 4x1.8 GHz Cortex-A510),13/13 Pro:Adreno74013 Lite:Adreno644,12,512,Dual SIM,4500,120.0,6.36,AMOLED,120,Stereo Speakers,50,32,"Wi-Fi 802.11 a/b/g/n/ac/6 or 6e (market dependent), dual-band, Wi-Fi DirectBluetooth 5.2, A2DP, LE",IP53
Asus,Asus ZenFone 8,44990,2G / 3G / 4G LTE / 5G,2021-05-12,Android 11,Qualcomm Snapdragon888 5G (5 nm),Octa-core (1x2.84 GHz Kryo 680 & 3x2.42 GHz Kryo 680 & 4x1.80 GHz Kryo 680),Adreno660,16,256,Dual SIM,4000,30.0,5.9,Super AMOLED,120,Loudspeaker,64,12,"Wi-Fi802.11 a/b/g/n/ac/6e, dual-band,Wi-Fi Direct,hotspotBluetooth5.2, A2DP, LE, aptX HD, aptX Adaptivedual-band A-GPS, GLONASS, GALILEO, BDS, QZSS, NavICNFC, FM radio",IP68
Xiaomi,Black Shark 4,39999,2G / 3G / 4G LTE / 5G,2021-03-30,Android 11,Black Shark 4/4S:Qualcomm Snapdragon870 5GBlack Shark 4 Pro:Qualcomm Snapdragon 888 5G (5 nm)Black Shark 4S Pro:Qualcomm Snapdragon 888+ 5G (5 nm),Black Shark 4/4S:Octa-core (1x3.2 GHz Kryo 585 & 3x2.42 GHz Kryo 585 & 4x1.80 GHz Kryo 585)Black Shark 4 Pro:Octa-core (1x2.84 GHz Kryo 680 & 3x2.42 GHz Kryo 680 & 4x1.80 GHz Kryo 680)Black Shark 4S Pro:Octa-core (1x3.0 GHz Kryo 680 & 3x2.42 GHz Kryo 680 & 4x1.80 GHz Kryo 680,Black Shark 4/4S:Adreno650Black Shark 4 Pro/4S Pro:Adreno660,16,1000,Dual SIM,4500,120.0,6.67,Super AMOLED,144,Loudspeaker,48,20,"Wi-Fi 802.11 a/b/g/n/ac/6, dual-band, Wi-Fi Direct, hotspotBluetooth 5.2, A2DP, LE, aptX HD, aptX Adaptive",IP68
FairPhone,Fairphone 4,44990,2G / 3G / 4G LTE / 5G,2021-09-30,Android 13,Qualcomm Snapdragon750G,Octa-core (1x2.84 GHz Kryo 680 & 3x2.42 GHz Kryo 680 & 4x1.80 GHz Kryo 680),Adreno660,8,256,Dual SIM,3905,45.0,6.3,IPS LCD,60,Loudspeaker,48,25,"Wi-Fi 802.11 a/b/g/n/ac/6, dual-band, Wi-Fi Direct, hotspotBluetooth 5.2, A2DP, LE, aptX HD, aptX Adaptive",IP53
Huawei,Huawei Mate X2,204999,2G / 3G / 4G LTE / 5G,2021-02-25,HarmonyOS 2,Kirin 9000 5G(5nm),Octa-core (1x3.13 GHz Cortex-A77 & 3x2.54 GHz Cortex-A77 & 4x2.05 GHz Cortex-A55),Mali-G78 MP24,8,512,Dual SIM,4500,55.0,,OLED,90,Stereo Speakers,50,16,"Wi-Fi 802.11 a/b/g/n/ac/6, dual-band, Wi-Fi Direct, hotspotBluetooth 5.2, A2DP, LE, aptX HD, aptX Adaptive",IP53
Huawei,Huawei Nova 8,37000,2G / 3G / 4G LTE / 5G,2021-08-05,Android 11,Nova 8:Kirin 820E (7nm)Nova 8 5G:Kirin 985 5G (7 nm),Nova 8:Hexa-core (3x2.22 GHz Cortex-A76 & 3x1.84 GHz Cortex-A55)Nova 8 5G:Octa-core (1x2.58 GHz Cortex-A76 & 3x2.40 GHz Cortex-A76 & 4x1.84 GHz Cortex-A55),Nova 8:Mali-G57 (6-core)Nova 8 5G:Mali-G77 (8-core),8,256,Dual SIM,3800,66.0,6.57,OLED,90,Loudspeaker,64,32,"Wi-Fi 802.11 a/b/g/n/ac, dual-band, Wi-Fi Direct, hotspotBluetooth 5.0, A2DP, LEA-GPS, GLONASS, BDS, GALILEO, QZSS",IP53
Huawei,Huawei Nova 9,34000,2G / 3G / 4G LTE / 5G,2021-09-23,HarmonyOS 2,Snapdragon778G 4G (6 nm),Octa-core (4x2.4 GHz Kryo 670 & 4x1.8 GHz Kryo 670),Adreno642L,8,256,Dual SIM,4300,66.0,6.57,OLED,90,Loudspeaker,50,32,"Wi-Fi802.11 a/b/g/n/a/6,dual-band,Wi-Fi Direct,hotspotBluetooth 5.2, A2DP, LE",IP53
Huawei,Huawei P 50,51000,2G / 3G / 4G LTE,2021-12-04,HarmonyOS 2,HiSilicon Kirin 9000Qualcomm Snapdragon 888 4G,"Octa-coreKirin 9000(1x 3.13Â GHzCortex A77, 3x 2.54Â GHzCortex A77, 4x 2.05Â GHzCortex-A55)Snapdragon 888 4G(1x 2.84Â GHzCortex X1, 3x 2.42Â GHzCortex A78, 4x 1.80Â GHzCortex-A55)",Kirin 9000Mali-G78 MP24Snapdragon 888 4GAdreno 660,16,512,Nano-SIM,4100,66.0,6.5,OLED,120,Loudspeaker,50,12,"Wi-Fi,802.11a/b/g/n/ac/axwithWi-Fi Directsupport,BT5.1,BLE,USB Type C 3.1",IP68
Apple,iPhone 13,64900,2G / 3G / 4G LTE / 5G,2021-09-24,iOS 17.2,A15 Bionic,"Hexa-core(2x ""high-performance"" â€“ 3.23 GHz, Avalanche + 4x ""energy-saving"" Blizzard) â€“ 2.02 GHz",Apple-designed 4 core,6,512,eSIM,4500,20.0,6.1,Super Retina XDR OLED,60,Spatial Audio,12,12,"Wi-Fi 6(802.11ax),Bluetooth 5.0,Ultra-wideband(UWB)",IP68
Apple,iPhone 13 Mini,69900,2G / 3G / 4G LTE / 5G,2021-09-24,iOS 17.2,A15 Bionic,"Hexa-core(2x ""high-performance"" â€“ 3.23 GHz, Avalanche + 4x ""energy-saving"" Blizzard) â€“ 2.02 GHz",Apple-designed 4 core,6,512,eSIM,4500,20.0,5.4,Super Retina XDR OLED,60,Spatial Audio,12,12,"Wi-Fi 6(802.11ax),Bluetooth 5.0,Ultra-wideband(UWB)",IP68
Apple,iPhone 13 Pro,119900,2G / 3G / 4G LTE / 5G,2021-09-24,iOS 17.2,A15 Bionic,"Hexa-core(2Ã— ""high-performance"" Avalanche â€“ 3.23 GHz + 4Ã— ""energy-saving"" Blizzard â€“ 2.02 GHz)",Apple-designed 5 core,6,512,eSIM,4595,27.0,6.1,Super Retina XDR OLED,120,Spatial Audio,12,12,"Wiâ€‘Fi 6(802.11ax),Bluetooth 5.0,ultra-wideband(UWB)",IP68
Apple,iPhone 13 Pro Max,129900,2G / 3G / 4G LTE / 5G,2021-09-24,iOS 17.2,A15 Bionic,"Hexa-core(2Ã— ""high-performance"" Avalanche â€“ 3.23 GHz + 4Ã— ""energy-saving"" Blizzard â€“ 2.02 GHz)",Apple-designed 5 core,6,512,eSIM,4595,27.0,6.7,Super Retina XDR OLED,120,Spatial Audio,12,12,"Wiâ€‘Fi 6(802.11ax),Bluetooth 5.0,ultra-wideband(UWB)",IP68
Lenovo,Lenovo Legion Duel 2,42000,2G / 3G / 4G LTE / 5G,2021-04-08,Android 11,QualcommSnapdragon888,Octa-core (1x2.84Â GHz Kryo 680 & 3x2.42Â GHz Kryo 680 & 4x1.8Â GHz Kryo 680),QualcommAdreno660,16,512,Dual SIM,4500,90.0,6.92,AMOLED,90,Stereo Speakers,48,12,"Bluetooth 5.2Wi-Fia/b/g/n/ac/6A2DP, LE, aptX HD, aptX Adaptive",IP52
Motorola,Moto G 2021,14599,2G / 3G / 4G LTE / 5G,2021-01-13,Android 11,Qualcomm Snapdragon778G,Octa-core (1x2.84Â GHz Kryo 680 & 3x2.42Â GHz Kryo 680 & 4x1.8Â GHz Kryo 680),QualcommAdreno660,8,512,Dual SIM,4500,90.0,6.1,IPS LCD,60,Stereo Speakers,48,12,"Bluetooth 5.2Wi-Fia/b/g/n/ac/6A2DP, LE, aptX HD, aptX Adaptive",IP52
Motorola,Motorola Edge 2021,30000,2G / 3G / 4G LTE / 5G,2021-09-02,Android 11,Qualcomm Snapdragon778G,"Octa-core, (1x 2.4 GHz Kryo 670 Prime + 3x 2.2 GHz Kryo 670 Gold + 4x 1.9 GHz Kryo 670 Silver)",Adreno642L,8,256,Dual SIM,5000,30.0,6.8,IPS LCD,144,Loudspeaker,108,32,"2G EDGE, GPRS/3G HSPA, HSPA+/4G LTE, LTE+, 5G, Wi-Fi802.11a/b/g/n/ac/6e (2.4 & 5 GHz), dual-band, WiFi direct, hotspot,Bluetoothv5.2,A2DP, Low-energy",IP52
Motorola,Motorola Edge 20,24999,2G / 3G / 4G LTE / 5G,2021-08-16,Android 11,Edge 20 Lite:MediaTekDimensity 720Edge 20 Fusion: MediaTek Dimensity 800UEdge 20:Qualcomm Snapdragon778GEdge 20 Pro: Qualcomm Snapdragon 870,"Octa-core,Edge 20 Lite: (2x 2.0 GHzCortex-A76+ 6x 2.0 GHzCortex-A55)Edge 20 Fusion: (2x 2.4 GHz Cortex-A76 + 6x 2.0 GHz Cortex-A55)Edge 20: (1x 2.4 GHz Kryo 670 + 3x 2.2 GHz Kryo 670 + 4x 1.9 GHz Kryo 670)Edge 20 Pro: (1x 3.2 GHz Kryo 585 + 3x 2.42 GHz Kryo 585 + 4x 1.8 GHz Kryo 585)",Edge 20 Lite & Edge 20 Fusion:Mali-G57 MC3Edge 20:Adreno642LEdge 20 Pro: Adreno 650,16,256,Dual SIM,5000,30.0,6.7,OLED,120,Loudspeaker,108,32,"Wi-Fi802.11a/b/g/n/ac/6e (2.4 & 5 GHz), dual-band, WiFi direct, hotspot,Bluetoothv5.2,A2DP, Low-energy",IP52
Nokia,Nokia XR20,42999,2G / 3G / 4G LTE / 5G,2021-06-25,Android 13,QualcommSnapdragon480 5G,QualcommKryo460,Adreno619,6,128,Dual SIM,4500,18.0,6.67,AMOLED,90,Loudspeaker,48,12,â€¢ 3.5 mmTRRSheadphone jackâ€¢Bluetooth 5.1â€¢ USB 3.0 (5Â Gbit/s) viaUSB-Cportâ€¢Wiâ€‘Fi 6(802.11ax)â€¢2Gâ€¢3Gâ€¢4G LTEâ€¢5G,IP52
OnePlus,Oneplus 9,41999,2G / 3G / 4G LTE / 5G,2021-03-26,Android 11,Qualcomm Snapdragon 888(5Â nm),Octa-core (1x2.84 GHz Kryo 680 & 3x2.42 GHz Kryo 680 & 4x1.80 GHz Kryo 680),Adreno 660,12,256,Dual SIM,4500,65.0,6.55,AMOLED,120,Loudspeaker,48,16,â€¢ 3.5 mmTRRSheadphone jackâ€¢Bluetooth 5.1â€¢ USB 3.0 (5Â Gbit/s) viaUSB-Cportâ€¢Wiâ€‘Fi 6(802.11ax)â€¢2Gâ€¢3Gâ€¢4G LTEâ€¢5G,IP68
OnePlus,Oneplus Nord 2 5g,27999,2G / 3G / 4G LTE / 5G,2021-07-28,Android 11,MediaTekDimensity 1200,"Octa-core (1x 3.0GHzCortex-A78, 3x 2.6GHz Cortex-A78, 4x 2.0GHzCortex-A55)",Mali-G77 MC9,12,256,Dual SIM,4500,65.0,6.43,AMOLED,90,Stereo Speakers,48,12,"Bluetooth 5.2Wi-Fi802.11 a/b/g/n/ac/6A2DP, LE, aptX HD",IP68
OnePlus,Oneplus Nord N200 5g,17999,2G / 3G / 4G LTE / 5G,2021-06-25,Android 11,Qualcomm Snapdragon 480 (8 nm),Octa-core (2Ã—2.0 GHz Kryo 260 & 6Ã—1.8 GHz Kryo 260),Adreno 619,4,64,Dual SIM,5000,18.0,6.49,IPS LCD,60,Stereo Speakers,13,16,"Bluetooth 5.2Wi-Fi802.11 a/b/g/n/ac/6A2DP, LE, aptX HD",IP53
Oppo,Oppo Find X3,69999,2G / 3G / 4G LTE / 5G,2021-06-25,Android 11,Find X3 Lite:Qualcomm Snapdragon765GFind X3 Neo:Qualcomm Snapdragon865Find X3:Qualcomm Snapdragon870Find X3 Pro: Qualcomm Snapdragon888,"Octa-core,Find X3 Neo: (1x 2.84 GHz  Kryo 585 & 3x 2.42 GHz Kryo 585 & 4x 1.8 GHz Kryo 585)Find X3: (1x 3.2Â GHzKryo585 & 3x 2.42Â GHz Kryo 585 & 4x 1.8Â GHz Kryo 585)Find X3 Pro: (1x 2.84Â GHz Kryo 680 & 3x 2.42Â GHz Kryo 680 & 4x 1.8Â GHz Kryo 680)",Find X3 Lite:Adreno620Find X3 Neo:Adreno650Find X3:Adreno650Find X3 Pro:Adreno660,12,256,Dual SIM,4500,18.0,6.7,AMOLED,120,Stereo Speakers,48,12,"Bluetooth 5.2Wi-Fia/b/g/n/ac/6eA2DP, LE, aptX HD",IP53
Google,Pixel 5a,22999,2G / 3G / 4G LTE / 5G,2021-08-26,Android 13,Qualcomm Snapdragon765G,"Octa-core, (1Ã—2.4Â GHzKryo 475Prime & 1Ã—2.2Â GHz Kryo 475 Gold & 6Ã—1.8Â GHz Kryo 475 Silver)",Adreno620,6,128,eSIM,4680,18.0,6.34,OLED,90,Stereo Speakers,12,12,"Wi-Fi 5 (ac/n/g/b/a)2.4+ 5.0GHz,Bluetooth 5.0 + LE,NFC,GPS(GLONASS,Galileo,QZSS)",IP67
Google,Pixel 6,42999,2G / 3G / 4G LTE / 5G,2021-10-28,Android 13,Google Tensor,Octa-core (2x2.8Â GHzCortex-X1& 2x2.25Â GHzCortex-A76& 4x1.8Â GHzCortex-A55)[4],Mali-G78 MP20[5],12,512,eSIM,4500,23.0,6.4,OLED,120,Stereo Speakers,50,8,Wi-Fi 6E+ HE160 +MIMOBluetooth 5.2NFCGoogle CastDual-bandGNSS(GPS/GLONASS/Galileo/QZSS)USB-C3.1,IP68
Realme,Realme Narzo 30 Pro,19999,2G / 3G / 4G LTE / 5G,2021-02-24,Android 10,MediaTek Dimensity 800U,"Octa core (2.4 GHz, Quad core,Cortex A76+ 2 GHz, Quad core, Cortex A55)",Mali-G57 MC3,8,128,eSIM,4500,18.0,6.5,IPS LCD,90,Stereo Speakers,48,12,"Wi-Fi 5 (ac/n/g/b/a)2.4+ 5.0GHz,Bluetooth 5.0 + LE,NFC,GPS(GLONASS,Galileo,QZSS)",IP53
Xiaomi,Redmi 10,9299,2G / 3G / 4G LTE / 5G,2021-08-18,Android 13,MediaTekHelio G88 (12nm),Octa-core (2x2.0 GHz Cortex-A75 & 6x1.8 GHz Cortex-A55),Mali-G52 MC2,8,2000,Dual SIM,5000,18.0,6.5,IPS LCD,90,Stereo Speakers,50,12,"Wi-Fi802.11 a/b/g/n/ac, dual-band,Wi-Fi Direct,hotspotBluetooth 5.1, A2DP, LEA-GPS, GLONASS, GALILEO, BDSNFC (10/10 2022; market/region dependent), FM Radio",None
Xiaomi,Redmi K40,22490,2G / 3G / 4G LTE / 5G,2021-03-04,Android 13,K40/40S:QualcommSM8250-ACSnapdragon 870K40 Pro/Pro+: Qualcomm SM8350Snapdragon 888K40 Gaming:MediaTekDimensity 1200 5G,Octa-coreK40/40S/Poco F3/F4: (1x 3.2GHzKryo585 Prime â€“Cortex-A77derivative + 3x 2.42GHz Kryo 585 Gold â€“ Cortex-A77 derivative + 4x 1.8GHz Kryo 585 Silver â€“Cortex-A55derivative)K40 Pro/Pro+: (1x 2.84GHz Kryo 680 Prime â€“Cortex-X1derivative + 3x 2.42GHz Kryo 680 Gold â€“Cortex-A78derivative + 4x 1.8GHz Kryo 680 Silver â€“ Cortex-A55 derivative)K40 Gaming: (1x 3.0GHz Cortex-A78 + 3x 2.6GHz Cortex-A78 + 4x 2.0GHz Cortex-A55),K40/40S/Poco F3/F4:Adreno650K40 Pro/Pro+: Adreno 660K40 Gaming: Mali-G77 MC9,8,256,Dual SIM,4520,18.0,6.67,AMOLED,120,Stereo Speakers,48,20,"Wi-Fi 802.11a/b/g/n/6/6e (2.4 & 5GHz), dual-band, WiFi Direct, DLNA, hotspotBluetoothV5.1/5.2,A2DP, Low-energy,aptX-HD,NFC, USB 2.0 Type-C, Infrared Blaster, GNSS (A-GPS,GLONASS, GALILEO, BDS, QZSS, NAVIC)",None
Xiaomi,Redmi Note 10,13999,2G / 3G / 4G LTE / 5G,2021-03-04,Android 13,Note 10:Qualcomm Snapdragon 678Note 10S/11 SE/Poco M5s:MediaTekHelio G95Note 10 5G/11SE/Poco M3 Pro:MediaTekDimensity 700Note 10 JE:MediaTekQualcomm Snapdragon 489Note 10 Pro/ Pro Max:Qualcomm Snapdragon 732GNote 10 Pro 5G/Poco X3 GT:MediaTekDimensity 1100,Note 10:Octa-core (2x 2.2 GHzKryo 460Gold + 6x 1.7 GHzKryo 460Silver)Note 10S/11 SE/Poco M5s:Octa-core (2x 2.05 GHzCortex-A76+ 6x 2.0 GHzCortex-A55)Note 10 5G/11SE/Poco M3 Pro:Octa-core (2x 2.2 GHz Cortex-A76 + 6x 2.0 GHz Cortex-A55)Note 10 JE:Octa-core (2x 2.0 GHzKryo 460Gold + 6x 1.8 GHzKryo 460Silver)Note 10 Pro / Pro Max:Octa-core (2x 2.3 GHzKryo 470Gold + 6x 1.8 GHzKryo 470Silver)Note 10 Pro 5G/Poco X3 GT:Octa-core (4x 2.6 GHz Cortex-A78 + 4x 2.0 GHz Cortex-A55),Note 10:Adreno612Note 10S/11 SE/Poco M5s:Mali-G76 MC4Note 10 5G/11SE/Poco M3 Pro:Mali-G57 MC2Note 10 JE:Adreno619Note 10 Pro/ Pro Max:Adreno618Note 10 Pro 5G/Poco X3 GT:Mali-G77 MC9,8,256,Dual SIM,5000,67.0,6.43,AMOLED,60,Stereo Speakers,48,13,"Bluetooth 5.0(Note 10)/5.1/5.2(Note 10 Pro 5G/Poco X3 GT)Wi-Fi 802.11a/b/g/n/ac/6 (Note 10 Pro 5G/Poco X3 GT) (2.4 & 5 GHz), dual-band, WiFi Direct, hotspotA2DP,LE",None
Asus,ROG Phone 5,49999,2G / 3G / 4G LTE / 5G,2021-07-12,Android 11,Qualcomm Snapdragon888,Octa-core (1x 2.84 GHzKryo 680Prime + 3x 2.42 GHz Kryo 680 Gold + 4x 1.8 GHz Kryo 680 Silver),Adreno660,16,1000,Dual SIM,6000,65.0,6.78,AMOLED,144,Stereo Speakers,64,24,"Bluetooth 5.2, HFP, AVRCP, HID, PAN, OPP,A2DP,LE,aptX HD,aptX AdaptiveWiFi 6E 802.11a/b/g/n/ac/ax 2x2 MIMO (2.4, 5 & 6 GHz), dual-band, WiFi Direct, hotspot, NFC",IP68
Samsung,Samsung Galaxy A02,8990,2G / 3G / 4G LTE,2021-01-27,Android 10,MediaTekMT6739W(28 nm),Quad-core 1.5 GHzCortex-A53,PowerVRGE8100,4,64,Dual SIM,5000,5.0,6.5,IPS LCD,60,Loudspeaker,13,5,"Bluetooth 5.2, HFP, AVRCP, HID, PAN, OPP,A2DP,LE,aptX HD,aptX AdaptiveWiFi 6E 802.11a/b/g/n/ac/ax 2x2 MIMO (2.4, 5 & 6 GHz), dual-band, WiFi Direct, hotspot, NFC",None
Samsung,Samsung Galaxy A03,11499,2G / 3G / 4G LTE,2021-11-26,Android 13,A03:Unisoc T616 (12nm)A03s:MediaTek MT6765 Helio P35 (12nm)A03 Core:Unisoc SC9863A (28nm),A03:Octa-core (2x 3GHz Cortex-A75 & 6x1.8 GHz Cortex-A55)A03s: Octa-core (4x2.35 GHz Cortex-A53 & 4x1.8 GHz Cortex-A53)A03 Core:Octa-core (4x1.6 GHz Cortex-A55 & 4x1.2 GHz Cortex-A55),A03:Mali-G57 MP1A03s:PowerVR GE8320A03 Core:IMG8322,4,128,Dual SIM,5000,15.0,6.5,IPS LCD,60,Loudspeaker,48,5,"Wi-Fi802.11 a/b/g/n/ac,Wi-Fi Direct,hotspotBluetooth5.1, A2DP, LE",None
Samsung,Samsung Galaxy A13,13999,2G / 3G / 4G LTE / 5G,2022-03-04,Android 12,MediaTekMT6833 Dimensity 700 5G,LTE:Octa-core (2.2 GHz & 2.0 GHz)LTE SM-A137F UND A137 Octa-core(MEDIATEK HELIO G80)5G:ARM Cortex-A76 MP2 2.2 GHzARM Cortex-A55 MP6 2 GHz,ARM Mali-G57 MC2 950 MHz,6,128,Dual SIM,5000,15.0,6.6,IPS LCD,90,Loudspeaker,50,8,"Wi-Fi802.11 a/b/g/n/ac,dual-band,Wi-Fi Direct,hotspotBluetooth 5.0, A2DP, LEA-GPS, GLONASS, GALILEO, BDS",None
Samsung,Samsung Galaxy A22 5g,13070,2G / 3G / 4G LTE / 5G,2021-06-24,Android 13,MediaTekDimensity 700,"Octa-core, (2x 2.2GHzCortex-A76& 6x 2.0GHzCortex-A55)",Mali-G57 MC2,8,128,Dual SIM,4500,15.0,6.6,IPS LCD,90,Loudspeaker,48,13,"Wi-Fi:802.11a/b/g/n/acWi-Fi DirectWi-Fi hotspotBluetooth:5.0USB:2.0,Type-C1.0",None
Samsung,Samsung Galaxy A32,24999,2G / 3G / 4G LTE / 5G,2021-02-25,Android 13,4G:MediaTekHelio G80 (12 nm)[1]5G: MediaTek Dimensity 720 (7 nm),Octa-core4G: 2x2.0 GHzCortex-A75& 6x1.8 GHzCortex-A55[1]5G: 2x2.0 GHzCortex-A76& 6x2.0 GHz Cortex-A55,"4G:Mali-G52 MC2, 2 core 1000 MHz[1]5G: Mali-G57 MC3",8,128,Dual SIM,5000,15.0,6.4,AMOLED,90,Loudspeaker,64,20,"Wi-Fi802.11 a/b/g/n/ac,dual-band,Wi-Fi Direct,HotspotBluetooth 5.0, A2DP, LEA-GPS, GLONASS, BDS, GALILEONFC, FM Radio",None
Samsung,Samsung Galaxy A52,23490,2G / 3G / 4G LTE / 5G,2021-03-17,Android 13,"4G:Qualcomm Snapdragon 720G(8 nm)5G:Qualcomm Snapdragon 750G 5G(8 nm)5G ""s"" model:Qualcomm Snapdragon 778G 5G(6 nm)","4G: Octa-core (2x2.3GHzKryo465 Gold & 6x1.8 GHz Kryo 465 Silver)5G: Octa-core (2x2.2 GHz Kryo 570 & 6x1.8 GHz Kryo 570)5G ""s"" model: Octa-core (4x2.4 GHz Kryo 670 & 4x1.9 GHz Kryo 670)","4G:Adreno6185G: Adreno 6195G ""s"" model: Adreno 642L",8,256,Dual SIM,4500,25.0,6.5,AMOLED,90,Loudspeaker,64,32,"Wi-Fi802.11 a/b/g/n/ac,dual-band,Wi-Fi Direct,HotspotBluetooth 5.0, A2DP, LEA-GPS, GLONASS, BDS, GALILEONFC, FM Radio",IP67
Samsung,Samsung Galaxy A72,34999,2G / 3G / 4G LTE / 5G,2021-03-17,Android 13,Qualcomm Snapdragon 720G(8 nm),Octa-core (2x2.3 GHz Kryo 465 Gold & 6x1.8 GHz Kryo 465 Silver),Adreno 618,8,256,Dual SIM,5000,25.0,6.7,AMOLED,90,Loudspeaker,64,32,"Wi-Fi802.11 a/b/g/n/ac,dual-band,Wi-Fi Direct,HotspotBluetooth 5.0, A2DP, LEA-GPS, GLONASS, BDS, GALILEONFC, FM Radio",IP67
Samsung,Samsung Galaxy A82 5g,39990,2G / 3G / 4G LTE / 5G,2021-07-25,Android 11,"Qualcomm SM8150 Snapdragon 855+ (7 nm), QRNG security",Octa-core (1x2.96 GHz Kryo 485 & 3x2.42 GHz Kryo 485 & 4x1.78 GHz Kryo 485),Adreno 640 (700 MHz),6,128,eSIM,4500,25.0,6.7,AMOLED,120,Loudspeaker,64,10,"USB Type-C2.0Wi-Fi802.11 a/b/g/n/ac,dual-band,Wi-Fi Direct,hotspotBluetooth5.0, A2DP, LE",IP67
Samsung,Samsung Galaxy F42 5g,25999,2G / 3G / 4G LTE / 5G,2021-09-29,Android 11,MediaTek MT6833 Dimensity 700 5G (7 nm),Octa-core (2x2.2 GHz Cortex-A76 & 6x2.0 GHz Cortex-A55),Mali-G57 MC2,8,128,Dual SIM,5000,15.0,6.6,IPS LCD,90,Loudspeaker,64,8,"USB Type-C2.0Wi-Fi 802.11 a/b/g/n/ac, dual-band, Wi-Fi Direct, hotspotBluetooth 5.0, A2DP, LE",IP67
Samsung,Samsung Galaxy F52 5g,21990,2G / 3G / 4G LTE / 5G,2021-05-20,Android 11,Qualcomm Snapdragon750G 5G (8 nm),Octa-core (2x2.2 GHz Kryo 570 & 6x1.8 GHz Kryo 570),Adreno619,8,128,Dual SIM,4500,25.0,6.6,IPS LCD,90,Loudspeaker,64,16,"Wi-Fi 802.11 a/b/g/n/ac, dual-band, Wi-Fi Direct, hotspotBluetooth 5.0, A2DP, LEA-GPS, GLONASS, GALILEO, BDS",IP67
Samsung,Samsung Galaxy F62,23999,2G / 3G / 4G LTE / 5G,2021-05-20,Android 11,Exynos 9825,Octa-core CPU (2x 2.73 Ghz Samsung M4 + 2x 2.4 GhzARM Cortex-A75+ 4x 1.95 GhzARM Cortex-A55),ARMMaliG76-MP12,8,128,eSIM,7000,25.0,6.7,AMOLED,90,Loudspeaker,64,32,Wi-Fi802.11 a/b/g/n/acUSB-C3.5Â mm audio jack,IP67
Samsung,Samsung Galaxy M22,14999,2G / 3G / 4G LTE,2021-09-14,Android 11,Mediatek Helio G80 (12 nm),Octa-core (2x2.0 GHz Cortex-A75 & 6x1.8 GHz Cortex-A55),Mali-G52 MC2,6,128,eSIM,5000,25.0,6.4,AMOLED,90,Loudspeaker,48,13,"Wi-Fi802.11 a/b/g/n/ac,dual-band,Wi-Fi Direct,hotspotBluetooth 5.0, A2DP, LE",IP67
Samsung,Samsung Galaxy M32,13499,2G / 3G / 4G LTE / 5G,2021-06-21,Android 11,MediaTekHelio G80,Octa-core CPU (2x2.0 GHzARM Cortex-A75& 6x1.8 GHzARM Cortex-A55),ARMMali-G52 MC2,8,128,Dual SIM,5000,25.0,6.4,AMOLED,90,Loudspeaker,64,20,Wi-FiWi-Fi DirectWi-Fi HotspotBluetooth5.03.5 mm headphone jackUSB-C,IP67
Samsung,Samsung Galaxy M52 5g,25999,2G / 3G / 4G LTE / 5G,2021-06-21,Android 13,Qualcomm SM7325 Snapdragon 778G 5G (6 nm),Octa-core (4x2.4 GHz Kryo 670 & 4x1.8 GHz Kryo 670),Adreno 642L,8,128,Dual SIM,5000,25.0,6.7,AMOLED,120,Loudspeaker,64,32,"Wi-Fi 802.11 a/b/g/n/ac/6, dual-band, Wi-Fi Direct, hotspotBluetooth 5.0, A2DP, LEUSBType-C2.0",IP67
Samsung,Samsung Galaxy S21,38999,2G / 3G / 4G LTE / 5G,2021-01-14,Android 13,"International:Samsung Exynos 2100United States, Canada, China, Japan:Qualcomm Snapdragon 888","Exynos: Octa-core (1x2.9 GHzCortex-X1, 3x2.80 GHzCortex-A78and 4x2.2 GHzCortex-A55)Snapdragon: Octa-core (1x2.84 GHz, 3x2.42 GHz and 4x1.80 GHz)Kryo680",Exynos:Mali-G78 MP14Snapdragon:Adreno660,6,512,eSIM,4500,25.0,6.2,AMOLED,120,Stereo Speakers,12,10,Bluetooth 5.2Wi-Fi802.11 a/b/g/n/ac/6(e),IP68
Samsung,Samsung Galaxy Xcover 5,32990,2G / 3G / 4G LTE,2021-03-04,Android 13,Samsung Exynos850 (8nm),Octa-core (4x2.0 GHz Cortex-A55 & 4x2.0 GHz Cortex-A55),Mali-G52,4,64,Dual SIM,3000,15.0,5.3,IPS LCD,120,Loudspeaker,16,5,"Wi-Fi802.11 a/b/g/n/ac,dual-band,Wi-Fi Direct,hotspotBluetooth5.0, A2DP, LEA-GPS, GLONASS, GALILEO, BDSNFC, Radio",IP68
Samsung,Samsung Galaxy Z Flip 3,49999,2G / 3G / 4G LTE / 5G,2021-08-27,Android 13,Qualcomm Snapdragon888,"Octa-core (1x2.84 GHz, 3x2.40 GHz and 4x1.80 GHz)Kryo680",Adreno660,8,256,eSIM,3300,15.0,6.7,AMOLED,120,Stereo Speakers,48,12,Bluetooth 5.1Wi-Fia/b/g/n/ac/6,IPX8
Samsung,Samsung Galaxy Z Fold 3,110999,2G / 3G / 4G LTE / 5G,2021-08-27,Android 13,Qualcomm Snapdragon888,"Octa-core (1x 2.84 GHz, 3x 2.42 GHz and 4x 1.8 GHz)Kryo680",Adreno660,12,512,eSIM,4400,25.0,7.6,AMOLED,120,Stereo Speakers,12,12,"Bluetooth 5.2,A2DP, low-energy,aptXHDWi-Fi802.11 a/b/g/n/ac/6e, dual-band",IPX8
Sony,Sony Xperia 1 III,64999,2G / 3G / 4G LTE / 5G,2021-06-01,Android 13,Qualcomm Snapdragon888,"Octa-core (1x 2.84 GHzGold Prime, 3x 2.42 GHzGold, 4x 1.8 GHzSilver)Kryo 680",Adreno660,12,512,eSIM,4500,25.0,6.5,OLED,90,Stereo Speakers,12,8,"Wi-Fi802.11 a/b/g/n/ac/ax (2.4/5GHz)Bluetooth 5.2USB-CNFCGPSwithAssisted GPSGalileoGLONASSBeiDouMobile FeliCa/Osaifu-Keitai(XQ-BC42, SO-51B, SOG03 and A101SO models only)",IP68
Sony,Sony Xperia 5 III,49999,2G / 3G / 4G LTE / 5G,2021-10-01,Android 13,Qualcomm Snapdragon888,"Octa-core (1x 2.84 GHzGold Prime, 3x 2.42 GHzGold, 4x 1.8 GHzSilver)Kryo 680",Adreno660,8,256,eSIM,4500,25.0,6.1,OLED,120,Stereo Speakers,12,8,"Wi-Fi802.11 a/b/g/n/ac/ax (2.4/5GHz)Bluetooth 5.2USB-CNFCGPSwithAssisted GPSGalileoGLONASSBeiDouMobile FeliCa/Osaifu-Keitai(XQ-BQ42, SO-53B, SOG05 and A103SO models only)",IP68
Sony,Sony Xperia 10 III,34999,2G / 3G / 4G LTE / 5G,2021-04-14,Android 11,Qualcomm Snapdragon690,Octa-core (2â€‰Ã—â€‰2.0GHzKryo560 Gold +6â€‰Ã—â€‰1.7GHzKryo560 Silver),Adreno619L,6,128,eSIM,4500,25.0,6.0,AMOLED,90,Loudspeaker,48,12,"Wi-Fi802.11 a/b/g/n/ac (2.4/5GHz)Bluetooth 5.1USB-CNFCGPSwithAssisted GPSGLONASSMobile FeliCa/Osaifu-Keitai(XQ-BT44, SO-52B, SOG04 and A102SO models only)",IP68
Sony,Sony Xperia PRO-I,134999,2G / 3G / 4G LTE / 5G,2021-12-10,Android 11,Qualcomm Snapdragon888,"Octa-core (1x 2.84 GHzGold Prime, 3x 2.42 GHzGold, 4x 1.8 GHzSilver)Kryo 680",Adreno660,12,512,eSIM,4500,25.0,6.5,OLED,120,Stereo Speakers,12,8,Wi-Fi802.11 a/b/g/n/ac/6 (2.4/5GHz)Bluetooth 5.2USB-CDisplayPortsupportNFCGPSwithAssisted GPSGalileoGLONASSBeiDou,IP68
Tecno,Tecno Camon 17,12999,2G / 3G / 4G LTE,2021-05-06,Android 11,Camon 17 and Camon 17P:MediaTek HelioG85Camon 17 Pro:MediaTek HelioG95,"Octa-core (2x2.0 GHzCortex-A75and 6x1.8 GHzCortex-A55, Octa-core (2x2.05 GHzCortex-A76and 6x2.0 GHz Cortex-A55","Mali-G52 MC2, Mali-G76 MC4",12,256,Dual SIM,4500,25.0,6.6,IPS LCD,60,Loudspeaker,48,8,Bluetooth 5.0Wi-Fi 802.11b/g/n3G/LTE,IP53
Tecno,Tecno Camon 18,11799,2G / 3G / 4G LTE,2021-10-06,Android 11,Camon 18:MediaTek HelioG88Camon 18P and Camon 18 Premier:MediaTek HelioG96,"Octa-core (2x2.0 GHzCortex-A75& 6x1.8 GHzCortex-A55, Octa-core (2x2.05 GHzCortex-A76& 6x2.0 GHz Cortex-A55","Mali-G52 MC2, Mali-G57 MC2",16,256,Dual SIM,4500,33.0,6.8,AMOLED,90,Loudspeaker,48,16,Bluetooth 5.0Wi-Fi 802.11b/g/n3G/LTE,IP53
Tecno,Tecno Phantom X,21999,2G / 3G / 4G LTE,2021-07-01,Android 11,MediaTek HelioG95,Octa-core (2x2.05Â GHzCortex-A76& 6x2.0Â GHzCortex-A55),Mali-G76 MC4,8,256,Dual SIM,4500,33.0,6.7,AMOLED,90,Loudspeaker,50,48,Bluetooth 5.0Wi-Fi 802.11b/g/n/ac,IP53
Tecno,Tecno Spark 8,9490,2G / 3G / 4G LTE,,Android 11,Spark 8:MediaTek HelioP22Spark 8P:MediaTek HelioG35,"Octa-core (4x1.8 GHzCortex-A53& 4x1.5 GHz Cortex-A53), Octa-core (4x2.3 GHz Cortex-A53 & 4x1.8 GHz Cortex-A53)",PowerVR GE8320,8,128,Dual SIM,4500,10.0,6.52,IPS LCD,60,Stereo Speakers,16,12,Bluetooth 5.0Wi-Fi 802.11b/g/n3G/LTE,IP53
Vivo,Vivo T1 (2021),14499,2G / 3G / 4G LTE / 5G,2021-10-20,Android 11,T1(China):QualcommSnapdragon778GT1x:MediatekDimensity 900T1(India):QualcommSnapdragon695,Octa-coreT1(China):Octa-core (4x2.4 GHz Kryo 670 & 4x1.8 GHz Kryo 670)T1x:Octa-core (2x2.4 GHz Cortex-A78 & 6x2.0 GHz Cortex-A55)T1(India):Octa-core (2x2.2 GHz Kryo 660 Gold & 6x1.7 GHz Kryo 660 Silver),T1(China):Adreno642LT1x:Mali-G68 MC4T1(India):Adreno 619,12,256,Dual SIM,5000,10.0,6.67,IPS LCD,120,Stereo Speakers,48,12,"T1:Bluetooth 5.2,Wi-Fia/b/g/n/ac, A2DP, LE, aptX HD, aptX AdaptiveT1x:Bluetooth 5.2,Wi-Fia/b/g/n/ac, A2DP, LE, aptX HDT1 5G:Bluetooth 5.1,Wi-Fia/b/g/n/ac, A2DP, LE",IP53
Vivo,Vivo X60,37000,2G / 3G / 4G LTE / 5G,2021-01-08,Android 11,X60 and X60 Pro:SamsungExynos1080 (China)Qualcomm Snapdragon870 (International)X60 Pro+:Qualcomm Snapdragon 888,"Octa-core,X60 and X60 Pro:(1x 2.8Â GHzCortex-A78+ 3x 2.6Â GHz Cortex-A78 + 4x 2.0Â GHzCortex-A55) (China)(1x 3.2Â GHz + 3x 2.42Â GHz + 4x 1.8Â GHzKryo585) (International)X60 Pro+:(1x 2.84Â GHz + 3x 2.42Â GHz + 4x 1.8Â GHz Kryo 680)",X60 and X60 Pro:Mali-G78 MP10 (China)Adreno650 (International)X60 Pro+:Adreno 660,12,256,Dual SIM,4500,33.0,6.56,IPS LCD,120,Loudspeaker,48,12,"Bluetooth 5.1/5.2Wi-Fia/b/g/n/ac/6A2DP, LE, aptX HD",IP53
Vivo,Vivo X61,49990,2G / 3G / 4G LTE / 5G,2021-09-13,Android 11,X70 and X70 Pro:MediatekDimensity 1200-VivoX70 Pro+:Qualcomm Snapdragon 888+,"Octa-core,X70 and X70 Pro:(1x 3.0Â GHzCortex-A78+ 3x 2.6Â GHz Cortex-A78 + 4x 2.0Â GHzCortex-A55)X70 Pro+:(1x 3.0Â GHz + 3x 2.42Â GHz + 4x 1.8Â GHz Kryo 680)",X70 and X70 Pro:Mali-G77 MC9 (China)X70 Pro+:Adreno 660,12,256,Dual SIM,4500,33.0,6.56,AMOLED,120,Stereo Speakers,48,12,"Bluetooth 5.1/5.2Wi-Fia/b/g/n/ac/6A2DP, LE, aptX HD",IP53
Xiaomi,Xiaomi 11T,19499,2G / 3G / 4G LTE / 5G,2021-09-15,Android 13,11T:MediaTek[[List of MediaTek processors#Dimensity 1000 Series|Dimensity 1200-Ultra (6nm)11T Pro:QualcommSnapdragon888 (5nm),11T:Octa-core (1x3.00 GHz Cortex-A78 & 3x2.60 GHz Cortex-A78 & 4x2.00 GHz Cortex-A78)11T Pro:Octa-core (1x2.84 GHz Kryo-680 & 3x2.42 GHz Kryo 680 & 4x1.80 GHz Kryo 680),11T:Mali-G7711T Pro:Adreno 660,12,256,Dual SIM,5000,120.0,6.67,OLED,120,Stereo Speakers,108,16,"USB Type-C 2.0Wi-Fi802.11 a/b/g/n/ac/6,dual-band,Wi-Fi Direct,hotspotBluetooth 5.2, A2DP, LEA-GPS. Up to tri-band: GLONASS, BDS, GALILEO, QZSS, NavIC",IP53
Xiaomi,Xiaomi 12,46900,2G / 3G / 4G LTE / 5G,2021-12-28,Android 13,12/Pro:Snapdragon8 Gen 1 (4nm)12X:Snapdragon870 (7nm)12 Pro Dimensity:MediaTekDimensity 9000+(4nm),12/Pro:Octa-core (1x3.00 GHz Cortex-X2 & 3x2.50 GHz Cortex-A710 & 4x1.80 GHz Cortex-A510)12X:Octa-core (1x3.2 GHz Cortex-X2 & 3x2.42 GHz Kryo 585 & 4x1.80 GHz Kryo 585)12 Pro Dimensity:Octa-core (1x3.20 GHz Cortex-X2 & 3x2.85 GHz Cortex-A710 & 4x1.80 GHz Cortex-A510),12/Pro:Adreno73012X:Adreno 65012 Pro Dimensity:Mali-G710 MC10,12,256,Dual SIM,4500,120.0,6.2,OLED,120,Stereo Speakers,50,32,"Wi-Fi802.11 a/b/g/n/ac/6,dual-band,Wi-Fi Direct,hotspotBluetooth 5.2/5.3(12 Pro Dimensity), A2DP, LEA-GPS. Up to tri-band: GLONASS, BDS, GALILEO, QZSS, NavIC",IP53
Xiaomi,Xiaomi Mi 11,44990,2G / 3G / 4G LTE / 5G,2021-07-04,Android 13,Qualcomm Snapdragon888 (SM8350),QualcommÂ®Kryoâ„¢ 6801x 2.84GHz+3Ã—2.42GHz+4x 1.80GHz,QualcommÂ®Adrenoâ„¢ 660 (840MHz),12,256,Dual SIM,4500,120.0,6.81,OLED,120,Stereo Speakers,48,12,"Wi-Fi 802.11a/b/g/n/ac/6 (2.4 & 5GHz), dual-band, WiFi Direct, hotspot Bluetooth V5.2, A2DP, Low-energy, aptX HD, aptX Adaptive",IP67
Xiaomi,Xiaomi Mi 11 Ultra,69999,2G / 3G / 4G LTE / 5G,2021-03-29,Android 12,Qualcomm Snapdragon888 (SM8350),QualcommÂ®Kryoâ„¢ 6801x 2.84GHz+3Ã—2.42GHz+4x 1.80GHz,QualcommÂ®Adrenoâ„¢ 660 (840MHz),12,512,Dual SIM,5000,67.0,6.81,OLED,120,Stereo Speakers,50,20,"Wi-Fi 802.11a/b/g/n/ac/6e (2.4 & 5GHz), dual-band, WiFi Direct, hotspot Bluetooth V5.2, A2DP, Low-energy, aptX HD, aptX Adaptive",IP67
Xiaomi,Xiaomi MIX 4,57490,2G / 3G / 4G LTE / 5G,2021-08-16,Android 11,Qualcomm Snapdragon888+,"Octa-core, (1x 2.99GHz Kryo 680 Prime â€“Cortex-X1derivative + 3x 2.42GHz Kryo 680 Gold â€“Cortex-A78derivative + 4x 1.8GHz Kryo 680 Silver â€“Cortex-A55derivative)",Adreno660,8,32,Dual SIM,4500,120.0,6.67,AMOLED,120,Stereo Speakers,108,20,"Wi-Fi 802.11a/b/g/n/ac/6e (2.4 & 5GHz), dual-band, WiFi Direct, hotspot,Ultra-widebandsupportBluetoothV5.2,A2DP, Low-energy, aptX HD, dual-band A-GPS, GLONASS, GALILEO, BDS, QZSS, NavIC, USB Type-C 2.0",IP67
